line,compound_name,hallmark,relation,grade,source_review_status,claim,identifier_kind,identifier,refcheck_status,registry_title,recorded_source_title,recorded_title_check,screen,row_category,screen_note
2,Rapamycin,nutrient_sensing,inhibits,E4,source_reviewed_with_claim_limits,Replicated mammalian lifespan extension in male and female mice across multiple testing centers (NIA ITP),PMID,19587680,OK,Rapamycin fed late in life extends lifespan in genetically heterogeneous mice.,Rapamycin fed late in life extends lifespan in genetically heterogeneous mice,MATCH,on_topic,on_topic,Title names rapamycin and lifespan in genetically heterogeneous mice. The recorded title matches.
3,Rapamycin,autophagy,activates,E0,claim_support_unreviewed,Drives neuronal and hepatic macroautophagy flux in aged murine models,PMID,20542383,OK,"Temporal changes of smoking status and motivation among Chinese heroin-dependent, methadone-maintained smokers.",,,title_unrelated,title_unrelated,Title is about smoking status and motivation in heroin-dependent patients. Not rapamycin or autophagy.
4,Rapamycin,cellular_senescence,inhibits,E0,claim_support_unreviewed,Suppresses SASP secretion and senescent paracrine signaling via 4E-BP1/MAPKAPK2,PMID,26140592,OK,Single-Molecule Imaging Reveals that Argonaute Reshapes the Binding Properties of Its Nucleic Acid Guides.,,,title_unrelated,title_unrelated,Title is about Argonaute and nucleic-acid guide binding. Not rapamycin or senescence.
5,Rapamycin,proteostasis,enhances,E0,claim_support_unreviewed,Reduces proteotoxic stress and aggregation in cellular models of proteinopathy,PMID,24095454,NOT_FOUND,,,,not_found,not_found,No PubMed article record (efetch returned none) and no Europe PMC hit. Europe PMC's positive control (PMID 19587680) returned one hit.
6,Rapamycin,stem_cell_exhaustion,rescues,E0,claim_support_unreviewed,Restores self-renewal capacity and function of aged hematopoietic stem cells,PMID,19864835,OK,Iron nutrition in infancy.,,,title_unrelated,title_unrelated,Title is about iron nutrition in infancy. Not rapamycin or hematopoietic stem cells.
7,Dasatinib,cellular_senescence,inhibits,E0,claim_support_unreviewed,Combined with Quercetin clears p16Ink4a+ senescent cells and extends median post-treatment lifespan,PMID,28826136,OK,"Polychlorinated biphenyl concentrations, accumulation rates in soil from atmospheric deposition and analysis of their affecting landscape variables along an urban-rural gradient in Shanghai, China.",,,title_unrelated,title_unrelated,"Title is about PCB concentrations in soil along an urban-rural gradient in Shanghai. Not dasatinib, quercetin or senescent cells. Cited by two rows (7 and 11)."
8,Dasatinib,chronic_inflammation,inhibits,E0,claim_support_unreviewed,"Reduces systemic SASP circulating cytokines (IL-6, TNF-alpha) in aged mice",PMID,30953051,OK,Left Ventricular Remodeling and Masked Hypertension: Don't Forget Nighttime Diastolic Blood Pressure.,,,title_unrelated,title_unrelated,Title is about left-ventricular remodeling and masked hypertension. Not dasatinib or SASP.
9,Dasatinib,cellular_senescence,inhibits,E0,claim_support_unreviewed,"Selectively induces apoptosis in senescent human preadipocytes, but lacks efficacy in senescent HUVECs alone",PMID,25754376,OK,"Synthesis of oxazolidine-2,4-diones by a tandem phosphorus-mediated carboxylative condensation-cyclization reaction using atmospheric carbon dioxide.",,,title_unrelated,title_unrelated,"Title is about synthesizing oxazolidine-2,4-diones (chemistry). Not dasatinib or senescent preadipocytes."
10,Dasatinib,intercellular_communication,inhibits,E0,claim_support_unreviewed,Ephrin receptor tyrosine kinase binding with sub-nanomolar affinity,CHEMBL,CHEMBL768913,NOT_FOUND (ChEMBL HTTP 404),,,,chembl_not_found,chembl_not_found,ChEMBL document API returned HTTP 404; the positive control CHEMBL1132865 returned 200.
11,Quercetin,cellular_senescence,inhibits,E0,claim_support_unreviewed,Synergizes with Dasatinib to clear senescent cells and reduce frailty in aged mice,PMID,28826136,OK,"Polychlorinated biphenyl concentrations, accumulation rates in soil from atmospheric deposition and analysis of their affecting landscape variables along an urban-rural gradient in Shanghai, China.",,,title_unrelated,title_unrelated,"Title is about PCB concentrations in soil along an urban-rural gradient in Shanghai. Not dasatinib, quercetin or senescent cells. Cited by two rows (7 and 11)."
12,Quercetin,chronic_inflammation,inhibits,E0,claim_support_unreviewed,Inhibits NF-kB p65 nuclear translocation and SASP cytokine expression in cell culture,PMID,27038166,OK,Antiepileptic drugs with histone deacetylase inhibition activity and prostate cancer risk: a population-based case-control study.,,,title_unrelated,title_unrelated,"Title is about antiepileptic drugs and prostate cancer risk. Not quercetin, NF-kB or SASP."
13,Quercetin,nutrient_sensing,activates,E0,claim_support_unreviewed,Modest in vitro activation of SIRT1 deacetylase activity at micromolar concentrations,PMID,16443825,OK,Identification of mouse palmitoyl-coenzyme A Delta9-desaturase.,,,title_unrelated,title_unrelated,Title names a mouse palmitoyl-CoA desaturase. Not quercetin or SIRT1.
14,Quercetin,mitochondrial_dysfunction,mitigates,E0,claim_support_unreviewed,In vitro protection against hydrogen peroxide-induced mitochondrial ROS,CHEMBL,CHEMBL1768407,NOT_FOUND (ChEMBL HTTP 404),,,,chembl_not_found,chembl_not_found,ChEMBL document API returned HTTP 404; the positive control CHEMBL1132865 returned 200.
15,Fisetin,cellular_senescence,inhibits,E0,claim_support_unreviewed,Reduces senescent cell burden and extends median lifespan in late-life treated wild-type mice,PMID,30279143,OK,Fisetin is a senotherapeutic that extends health and lifespan.,,,on_topic,on_topic,Title names fisetin as a senotherapeutic that extends health and lifespan. Covers both rows that cite it (senescent-cell burden and SASP); the SASP detail is not in the title.
16,Fisetin,chronic_inflammation,inhibits,E0,claim_support_unreviewed,Lowers tissue SASP expression and circulating pro-inflammatory markers in aged mice,PMID,30279143,OK,Fisetin is a senotherapeutic that extends health and lifespan.,,,on_topic,on_topic,Title names fisetin as a senotherapeutic that extends health and lifespan. Covers both rows that cite it (senescent-cell burden and SASP); the SASP detail is not in the title.
17,Fisetin,autophagy,induces,E0,claim_support_unreviewed,Induces autophagosome formation and LC3-II accumulation in cultured cortical neurons,PMID,29704257,OK,Fibroblast Growth Factor Receptor Inhibition for Cholangiocarcinoma: Looking Through a Door Half-Opened.,,,title_unrelated,title_unrelated,Title is about FGFR inhibition in cholangiocarcinoma. Not fisetin or neuronal autophagy.
18,Metformin,nutrient_sensing,activates,E1,source_reviewed_with_claim_limits,Observational association with all-cause mortality in diabetic cohorts; confounding and comparator choice limit causal interpretation. TAME registration/design is not a positive outcome result.,PMID,25041462,OK,"Can people with type 2 diabetes live longer than those without? A comparison of mortality in people initiated with metformin or sulphonylurea monotherapy and matched, non-diabetic controls.",Human observational evidence and meta-analysis of metformin-associated mortality,MISMATCH,on_topic_label_differs,on_topic_label_differs,Title is on-topic (mortality after metformin or sulphonylurea monotherapy in people with type 2 diabetes). The row's recorded title does not describe this paper.
18,Metformin,nutrient_sensing,activates,E1,source_reviewed_with_claim_limits,Observational association with all-cause mortality in diabetic cohorts; confounding and comparator choice limit causal interpretation. TAME registration/design is not a positive outcome result.,PMID,28802803,OK,Metformin reduces all-cause mortality and diseases of ageing independent of its effect on diabetes control: A systematic review and meta-analysis.,Human observational evidence and meta-analysis of metformin-associated mortality,MISMATCH,on_topic_label_differs,on_topic_label_differs,Title is on-topic (metformin and all-cause mortality; systematic review and meta-analysis). The row's recorded title is not this paper's title and may describe another paper.
19,Metformin,mitochondrial_dysfunction,inhibits,E0,claim_support_unreviewed,"Mild, specific inhibition of mitochondrial respiratory chain complex I in murine hepatocytes",PMID,10839993,OK,Evidence that metformin exerts its anti-diabetic effects through inhibition of complex 1 of the mitochondrial respiratory chain.,,,on_topic,on_topic,"Title names metformin and inhibition of complex 1 of the mitochondrial respiratory chain, which fits the mild complex I row. The hepatocyte detail is not in the title."
20,Metformin,autophagy,activates,E0,claim_support_unreviewed,Restores autophagic flux in aged rodent liver through AMPK-dependent ULK1 phosphorylation,PMID,21303889,NOT_FOUND,,,,not_found,not_found,No PubMed article record (efetch returned none) and no Europe PMC hit. Europe PMC's positive control (PMID 19587680) returned one hit.
21,Metformin,chronic_inflammation,inhibits,E0,claim_support_unreviewed,Suppresses NF-kB and circulating inflammatory biomarkers in aged murine models,PMID,23708518,OK,The deubiquitylase USP15 stabilizes newly synthesized REST and rescues its expression at mitotic exit.,,,title_unrelated,title_unrelated,Title is about the USP15 deubiquitylase and REST. Not metformin or inflammatory markers.
22,Metformin,epigenetic_alteration,modulates,E0,claim_support_unreviewed,Alters epigenetic clock acceleration in human PBMCs (correlative biomarker only),PMID,32130836,OK,Suggested Assessments for Sarcopenia in Patients With Stroke Who Can Walk Independently.,,,title_unrelated,title_unrelated,Title is about sarcopenia assessment after stroke. Not metformin or epigenetic clocks.
23,Spermidine,autophagy,activates,E0,claim_support_unreviewed,Extends lifespan in mice and improves cardiac function through macroautophagy induction,PMID,27841876,OK,Cardioprotection and lifespan extension by the natural polyamine spermidine.,,,on_topic,on_topic,Title names spermidine with cardioprotection and lifespan extension. The macroautophagy mechanism in the row is not in the title.
24,Spermidine,proteostasis,enhances,E0,claim_support_unreviewed,Enhances hypusination of eIF5A and translation of autophagy-related proteins in aged mice,PMID,33005886,OK,RNA-seq with RNase H-based ribosomal RNA depletion specifically designed for C. elegans.,,,title_unrelated,title_unrelated,Title is about RNA-seq library preparation for C. elegans. Not spermidine or eIF5A.
25,Spermidine,intercellular_communication,modulates,E0,claim_support_unreviewed,Reverses age-related B-cell defects in primary cell cultures,PMID,30472097,OK,VANGL2 protein stability is regulated by integrin αv and the extracellular matrix.,,,title_unrelated,title_unrelated,Title is about VANGL2 stability and integrin alphav. Not spermidine or B-cell defects.
26,Spermidine,nutrient_sensing,inhibits,E0,claim_support_unreviewed,Direct inhibition of EP300 acetyltransferase activity inducing autophagic flux,PMID,25439502,OK,Assessing intentions to eat low-glycemic index foods by adults with diabetes using a new questionnaire based on the theory of planned behaviour.,,,title_unrelated,title_unrelated,Title is about intentions to eat low-glycemic-index foods. Not spermidine or EP300.
27,17alpha-estradiol,nutrient_sensing,modulates,E4,source_reviewed_with_claim_limits,Male-specific median lifespan benefit reported in the ITP and late-start study; no female lifespan benefit was reported. The cited sources do not support a maximum-lifespan claim.,PMID,24245565,OK,"Acarbose, 17-α-estradiol, and nordihydroguaiaretic acid extend mouse lifespan preferentially in males.","Acarbose, 17-α-estradiol, and nordihydroguaiaretic acid extend mouse lifespan preferentially in males; late-start 17α-estradiol intervention",MATCH,on_topic,on_topic_label_differs,"Title names acarbose, 17-alpha-estradiol and NDGA with male-preferential lifespan extension. Fits the sex-difference rows; the recorded title for line 27 agrees."
27,17alpha-estradiol,nutrient_sensing,modulates,E4,source_reviewed_with_claim_limits,Male-specific median lifespan benefit reported in the ITP and late-start study; no female lifespan benefit was reported. The cited sources do not support a maximum-lifespan claim.,PMID,33788371,OK,17-a-estradiol late in life extends lifespan in aging UM-HET3 male mice; nicotinamide riboside and three other drugs do not affect lifespan in either sex.,"Acarbose, 17-α-estradiol, and nordihydroguaiaretic acid extend mouse lifespan preferentially in males; late-start 17α-estradiol intervention",MISMATCH,on_topic_label_differs,on_topic_label_differs,"Title is on-topic (17-alpha-estradiol, male lifespan in UM-HET3 mice). The recorded label 'late-start 17alpha-estradiol intervention' is a paraphrase, not this title."
28,17alpha-estradiol,chronic_inflammation,inhibits,E0,claim_support_unreviewed,Suppresses hypothalamic and adipose tissue inflammaging and microglial activation in male mice,PMID,30139981,OK,Ferromagnetism in a topological semimetal.,,,title_unrelated,title_unrelated,Title is about ferromagnetism in a topological semimetal. Not 17-alpha-estradiol or inflammaging.
29,17alpha-estradiol,mitochondrial_dysfunction,mitigates,E0,claim_support_unreviewed,Improves brain mitochondrial respiration and reduces oxidative stress in aged rodent brain,PMID,26760636,NOT_FOUND,,,,not_found,not_found,No PubMed article record (efetch returned none) and no Europe PMC hit. Europe PMC's positive control (PMID 19587680) returned one hit.
30,Navitoclax,cellular_senescence,inhibits,E0,claim_support_unreviewed,Induces apoptosis in senescent IMR90 and HUVEC cells with >5x selectivity over proliferating cells,PMID,26711582,OK,High occurrence of Pacearchaeota and Woesearchaeota (Archaea superphylum DPANN) in the surface waters of oligotrophic high-altitude lakes.,,,title_unrelated,title_unrelated,Title is about Pacearchaeota and Woesearchaeota in lake surface waters. Not navitoclax or senescent cells. Cited by two rows (30 and 32).
31,Navitoclax,cellular_senescence,inhibits,E0,claim_support_unreviewed,High-affinity nanomolar inhibition of BCL-xL and BCL-2 displacing BH3 pro-apoptotic peptides,PMID,18698246,OK,Photodynamic therapy with methyl aminolevulinate for prevention of new skin lesions in transplant recipients: a randomized study.,,,title_unrelated,title_unrelated,Title is about photodynamic therapy for skin lesions in transplant recipients. Not navitoclax or BCL-xL/BCL-2 binding.
32,Navitoclax,stem_cell_exhaustion,rescues,E0,claim_support_unreviewed,Eliminates senescent bone marrow hematopoietic stem cells in sublethally irradiated mice,PMID,26711582,OK,High occurrence of Pacearchaeota and Woesearchaeota (Archaea superphylum DPANN) in the surface waters of oligotrophic high-altitude lakes.,,,title_unrelated,title_unrelated,Title is about Pacearchaeota and Woesearchaeota in lake surface waters. Not navitoclax or senescent cells. Cited by two rows (30 and 32).
33,Resveratrol,nutrient_sensing,activates,E0,claim_support_unreviewed,Shifts physiology towards that of standard diet in high-fat fed mice; note: failed standard ITP lifespan,PMID,17086191,OK,Resveratrol improves health and survival of mice on a high-calorie diet.,,,on_topic,on_topic,"Title names resveratrol and survival of mice on a high-calorie diet, which fits the high-fat-diet row. The ITP lifespan note in the row is not in the title."
34,Resveratrol,mitochondrial_dysfunction,enhances,E0,claim_support_unreviewed,Increases mitochondrial biogenesis and aerobic capacity via PGC-1alpha deacetylation in mice,PMID,17112576,OK,Resveratrol improves mitochondrial function and protects against metabolic disease by activating SIRT1 and PGC-1alpha.,,,on_topic,on_topic,"Title names resveratrol with mitochondrial function, SIRT1 and PGC-1alpha, which fits the biogenesis row."
35,Resveratrol,autophagy,induces,E0,claim_support_unreviewed,Promotes autophagosome formation in mammalian cell lines independent of SIRT1 in certain lines,PMID,20543254,OK,Integrated health systems.,,,title_unrelated,title_unrelated,Title is 'Integrated health systems.' Not resveratrol or autophagy.
36,Nicotinamide mononucleotide,nutrient_sensing,enhances,E0,claim_support_unreviewed,Long-term administration mitigates age-associated physiological decline in wild-type mice,PMID,27797883,OK,"Coronary artery bypass grafting with internal thoracic arteries may cause bilateral brachiocephalic vein occlusion, complicating pacemaker implantation.",,,title_unrelated,title_unrelated,Title is about bypass grafting and bilateral brachiocephalic vein occlusion. Not nicotinamide mononucleotide.
37,Nicotinamide mononucleotide,mitochondrial_dysfunction,mitigates,E0,claim_support_unreviewed,Reverses mitochondrial dysfunction in skeletal muscle of aged mice within 1 week,PMID,24360282,OK,Declining NAD(+) induces a pseudohypoxic state disrupting nuclear-mitochondrial communication during aging.,,,needs_reading,needs_reading,Title is about declining NAD(+) and nuclear-mitochondrial communication during aging. It does not name nicotinamide mononucleotide or the one-week reversal claim.
38,Nicotinamide riboside,nutrient_sensing,enhances,E0,claim_support_unreviewed,Replenishes NAD+ and improves muscle stem cell function and mouse healthspan,PMID,27127236,OK,NAD⁺ repletion improves mitochondrial and stem cell function and enhances life span in mice.,,,on_topic,on_topic,Title names NAD+ repletion with mitochondrial and stem-cell function and lifespan in mice. Fits both nicotinamide riboside rows; the muscle-specific detail is not in the title.
39,Nicotinamide riboside,stem_cell_exhaustion,rescues,E0,claim_support_unreviewed,Prevents exhaustion of aged muscle stem cells (MuSCs) in mice,PMID,27127236,OK,NAD⁺ repletion improves mitochondrial and stem cell function and enhances life span in mice.,,,on_topic,on_topic,Title names NAD+ repletion with mitochondrial and stem-cell function and lifespan in mice. Fits both nicotinamide riboside rows; the muscle-specific detail is not in the title.
40,Nicotinamide riboside,mitochondrial_dysfunction,mitigates,E0,claim_support_unreviewed,Increases whole-blood NAD+ metabolome and lowers blood pressure in small human pilot study,PMID,29599478,OK,Chronic nicotinamide riboside supplementation is well-tolerated and elevates NAD(+) in healthy middle-aged and older adults.,,,on_topic,on_topic,"Title names nicotinamide riboside raising NAD(+) in healthy middle-aged and older adults, which fits the human-pilot row. The blood-pressure result is not in the title."
41,Acarbose,nutrient_sensing,inhibits,E4,source_reviewed_with_claim_limits,Mouse lifespan benefit was sex- and dose-dependent: higher-dose groups showed larger median-lifespan effects in males than females. Do not interpret this as a human outcome.,PMID,24245565,OK,"Acarbose, 17-α-estradiol, and nordihydroguaiaretic acid extend mouse lifespan preferentially in males.","Acarbose, 17-α-estradiol, and nordihydroguaiaretic acid extend mouse lifespan preferentially in males; Acarbose improves health and lifespan in genetically heterogeneous mice",MATCH,on_topic,on_topic_label_differs,"Title names acarbose, 17-alpha-estradiol and NDGA with male-preferential lifespan extension. Fits the sex-difference rows; the recorded title for line 27 agrees."
41,Acarbose,nutrient_sensing,inhibits,E4,source_reviewed_with_claim_limits,Mouse lifespan benefit was sex- and dose-dependent: higher-dose groups showed larger median-lifespan effects in males than females. Do not interpret this as a human outcome.,PMID,30688027,OK,Acarbose improves health and lifespan in aging HET3 mice.,"Acarbose, 17-α-estradiol, and nordihydroguaiaretic acid extend mouse lifespan preferentially in males; Acarbose improves health and lifespan in genetically heterogeneous mice",PARTIAL,on_topic_label_differs,on_topic_label_differs,"Title is on-topic (acarbose, lifespan in aging HET3 mice). The recorded label 'genetically heterogeneous mice' paraphrases it."
42,Acarbose,dysbiosis,modulates,E3,source_reviewed_with_claim_limits,Acarbose-associated microbiome and fecal short-chain-fatty-acid changes were reported under specific mouse diet and study conditions; these observations do not establish a general mechanism or human effect.,PMID,31195972,OK,Changes in the gut microbiome and fermentation products concurrent with enhanced longevity in acarbose-treated mice.,Changes in gut microbiome and fermentation products concurrent with enhanced longevity in acarbose-treated mice,MATCH,on_topic,on_topic,Title names acarbose with gut-microbiome and fermentation changes and enhanced longevity. The recorded title agrees apart from one article ('the').
42,Acarbose,dysbiosis,modulates,E3,source_reviewed_with_claim_limits,Acarbose-associated microbiome and fecal short-chain-fatty-acid changes were reported under specific mouse diet and study conditions; these observations do not establish a general mechanism or human effect.,PMID,30728281,OK,The Glucoamylase Inhibitor Acarbose Has a Diet-Dependent and Reversible Effect on the Murine Gut Microbiome.,Changes in gut microbiome and fermentation products concurrent with enhanced longevity in acarbose-treated mice,MISMATCH,on_topic,on_topic,"Title names acarbose and the murine gut microbiome, which fits the microbiome row. Line 42 records one title (for 31195972), so this identifier has no recorded title of its own; refcheck's MISMATCH reflects that, not a disagreement."
43,Urolithin A,mitochondrial_dysfunction,activates,E0,claim_support_unreviewed,Induces mitophagy and prolongs normal muscle function and lifespan in C. elegans and rodents,PMID,27400265,OK,Urolithin A induces mitophagy and prolongs lifespan in C. elegans and increases muscle function in rodents.,,,on_topic,on_topic,Title names urolithin A with mitophagy and lifespan in C. elegans and muscle function in rodents. Fits both urolithin A rows.
44,Urolithin A,autophagy,induces,E0,claim_support_unreviewed,Stimulates mitochondrial clearance in skeletal muscle of aged mice,PMID,27400265,OK,Urolithin A induces mitophagy and prolongs lifespan in C. elegans and increases muscle function in rodents.,,,on_topic,on_topic,Title names urolithin A with mitophagy and lifespan in C. elegans and muscle function in rodents. Fits both urolithin A rows.
45,Urolithin A,mitochondrial_dysfunction,modulates,E0,claim_support_unreviewed,Demonstrates safety and transcriptional upregulation of mitochondrial genes in human muscle biopsies,PMID,31190014,OK,Isotopic constraint on the twentieth-century increase in tropospheric ozone.,,,title_unrelated,title_unrelated,Title is about the isotopic constraint on tropospheric ozone. Not urolithin A or muscle mitochondria.
46,Berberine,nutrient_sensing,activates,E0,claim_support_unreviewed,Improves insulin sensitivity and reduces weight gain in db/db diabetic mice,PMID,15545992,OK,Genes and pathophysiology of type 2 diabetes: more than just the Randle cycle all over again.,,,needs_reading,needs_reading,Title is a general article on type 2 diabetes pathophysiology. It does not name berberine; the row's claim concerns db/db mice.
47,Berberine,mitochondrial_dysfunction,mitigates,E0,claim_support_unreviewed,Increases AMP/ATP ratio and activates AMPK in cultured muscle cells,PMID,22086884,OK,"Lead, calcium uptake, and related genetic variants in association with renal cell carcinoma risk in a cohort of male Finnish smokers.",,,title_unrelated,title_unrelated,"Title is about lead, calcium uptake and renal cell carcinoma genetics. Not berberine or AMPK."
48,Berberine,autophagy,induces,E0,claim_support_unreviewed,Promotes SIRT1-mediated autophagy in palmitate-induced steatotic hepatocytes,PMID,25732152,OK,How does pain induce negative emotion? Role of the bed nucleus of the stria terminalis in pain-induced place aversion.,,,title_unrelated,title_unrelated,Title is about pain and the bed nucleus of the stria terminalis. Not berberine or hepatocyte autophagy.
49,Curcumin,chronic_inflammation,inhibits,E0,claim_support_unreviewed,Inhibits IkB kinase (IKK) and downstream NF-kB p65 nuclear translocation in vitro,PMID,19149749,OK,Chronic inflammation and oxidative stress as a major cause of age-related diseases and cancer.,,,needs_reading,needs_reading,Title is a general article on chronic inflammation and oxidative stress in age-related disease and cancer. It does not name curcumin.
50,Curcumin,cellular_senescence,inhibits,E0,claim_support_unreviewed,Reduces SASP secretion in irradiated fibroblasts; modest selectivity over normal cells,PMID,28599427,OK,Periostin suppresses in vivo invasiveness via PDK1/Akt/mTOR signaling pathway in a mouse orthotopic model of bladder cancer.,,,title_unrelated,title_unrelated,Title is about periostin and PDK1/Akt/mTOR in bladder cancer invasion. Not curcumin or SASP.
51,Curcumin,ecm_fibrosis,inhibits,E0,claim_support_unreviewed,Suppresses alpha-SMA and collagen gene expression in cultured fibrotic hepatic stellate cells,PMID,16551579,OK,"Nordihydroguaiaretic acid is a potent in vitro scavenger of peroxynitrite, singlet oxygen, hydroxyl radical, superoxide anion and hypochlorous acid and prevents in vivo ozone-induced tyrosine nitration in lungs.",,,title_unrelated,title_unrelated,"Title names nordihydroguaiaretic acid (NDGA), not curcumin. The row's claim concerns fibrotic stellate-cell gene expression."
52,Trametinib,nutrient_sensing,inhibits,E0,claim_support_unreviewed,Low-dose MEK inhibition extends lifespan in female Drosophila and improves metabolic health in mice,PMID,26113653,OK,Aspergillus Polymerase Chain Reaction: Systematic Review of Evidence for Clinical Use in Comparison With Antigen Testing.,,,title_unrelated,title_unrelated,Title is about Aspergillus PCR for clinical use. Not trametinib or lifespan.
53,Trametinib,cellular_senescence,inhibits,E0,claim_support_unreviewed,Blocks oncogene-induced senescence SASP secretion downstream of hyperactive MAPK signaling,PMID,29352236,OK,Control of neural crest induction by MarvelD3-mediated attenuation of JNK signalling.,,,title_unrelated,title_unrelated,"Title is about neural-crest induction and JNK signaling. Not trametinib, MEK or oncogene-induced senescence."
54,Canagliflozin,nutrient_sensing,inhibits,E4,source_reviewed_with_claim_limits,"Male mice showed increased median survival and 90th-percentile age in the ITP report; female lifespan was not extended. This is an animal result, not evidence of human longevity.",PMID,32990681,OK,Canagliflozin extends life span in genetically heterogeneous male but not female mice.,Canagliflozin extends life span in genetically heterogeneous male but not female mice,MATCH,on_topic,on_topic,Title names canagliflozin and male-only lifespan extension in genetically heterogeneous mice. The recorded title matches.
55,BPC-157,ecm_fibrosis,modulates,E0,claim_support_unreviewed,Accelerates healing in transected rat Achilles tendon; no verified longevity or mammalian lifespan data,PMID,21030672,OK,"The promoting effect of pentadecapeptide BPC 157 on tendon healing involves tendon outgrowth, cell survival, and cell migration.",,,on_topic,on_topic,"Title names BPC 157 and tendon healing, which fits the tendon row. The row itself says no verified lifespan data exist."
56,BPC-157,intercellular_communication,claimed_for_hallmark,E0,unverified_vendor_or_gray_market_claim,Promoted as universal tissue regenerator in non-peer-reviewed gray-market wellness communities,,,,,,,no_identifier,no_identifier,No identifier in the row; source_review_status is unverified_vendor_or_gray_market_claim.
57,Epitalon,telomere_attrition,claimed_for_hallmark,E0,claim_support_unreviewed,Claimed telomerase elongation in cultured human fibroblast line; lacks reproducible ITP verification,PMID,14501183,OK,"Effect of Epitalon on biomarkers of aging, life span and spontaneous tumor incidence in female Swiss-derived SHR mice.",,,needs_reading,needs_reading,"Title names Epitalon and aging, lifespan and tumor incidence in female Swiss-derived SHR mice. The row's claim (telomerase elongation in a cultured human fibroblast line) is not in the title."
58,Epitalon,telomere_attrition,claimed_for_hallmark,E0,unverified_vendor_or_gray_market_claim,Widely sold on gray-market peptide sites as biological age reverser without peer-reviewed human trial proof,,,,,,,no_identifier,no_identifier,No identifier in the row; source_review_status is unverified_vendor_or_gray_market_claim.
