smiles,inchikey,generation,reward,mtor_prob,qed,has_pains
Oc1nc(-c2cccnc2)nc(N2C3COCN2C(C2CC2)C3)n1,OVBLBWKVAQZMCR-UHFFFAOYSA-N,15,1.17578908079617,0.9957601428031921,0.9001446899648886,False
CC12COCN(C(C3CC3)C1)N2c1nc(O)nc(-c2cccnc2)n1,TXCZAYNCBNMZAS-UHFFFAOYSA-N,18,1.174615268816341,0.9943716526031494,0.9012180810659577,False
CC12COCN(C(=C3CC3)C1)N2c1nc(O)nc(-c2cccnc2)n1,ZTSPHYHPTZMSAV-UHFFFAOYSA-N,15,1.174465978263688,0.9969274401664734,0.8876926904860731,False
Oc1nc(-c2cccnc2)nc(N2C3COCN2C(=C2CC2)C3)n1,ZDUMVBQZIDOJOW-UHFFFAOYSA-N,11,1.1743327446212366,0.9966495633125305,0.8884159065435304,False
Cc1ccc(-c2nc(O)nc(N3N4COCC3(C)CC4C3CC3)n2)cn1,UHTXYEZLLXTYPF-UHFFFAOYSA-N,19,1.1726955956539156,0.993862509727478,0.8941654296321874,False
Oc1nc(-c2cccnc2)nc(N2C3COCN2C(=C2CC2)S3)n1,NFTZSVGJSYUMGN-UHFFFAOYSA-N,16,1.1711236895294503,0.9958823919296265,0.8762064879991194,False
Oc1nc(-c2cccnc2)cc(N2C3COCN2C(=C2CC2)C3)n1,XALZMADPYHFSSC-UHFFFAOYSA-N,17,1.1710130639871665,0.9897011518478394,0.9065595606966361,False
Cc1nc(-c2cccnc2)nc(C2CC2N2CCOCC2=N)n1,XWCFUNOANWCWJD-UHFFFAOYSA-N,11,1.1698210366279604,0.985443651676178,0.9218869247589128,False
NC(=O)Oc1nc(-c2cccnc2)nc(N2C3COCN2C(=C2CC2)C3)n1,FIGSLFMNHXSPMF-UHFFFAOYSA-N,13,1.1689050845144775,0.998212456703186,0.8534631390564577,False
Nc1nc(-c2cccnc2)nc(N2C3COCC2C(C2CCOCC2)C3)n1,YHDAHIKCMBXDHF-UHFFFAOYSA-N,5,1.1687785084550675,0.9946152567863464,0.8708162583436053,False
Oc1nc(-c2cccnc2)nc(N2C3COCN2C(=C2CC2)C3F)n1,FRNYWHWQWUWAFX-UHFFFAOYSA-N,17,1.1683585139464177,0.9930210709571838,0.8766872149461689,False
Cc1nc(-c2cccnc2)nc(C2CC2N2C(=N)COCC2C2CC2)n1,VQSXHXWCOWSLOV-UHFFFAOYSA-N,14,1.1679853958995587,0.9861337542533875,0.9092582082308568,False
Cc1nc(-c2cccnc2)nc(C2CC2N2CCOC(F)C2=N)n1,UCQZLJVCFOSMQM-UHFFFAOYSA-N,14,1.1672283300460355,0.9827187061309814,0.9225481195752702,False
Oc1cncc(-c2nc(O)nc(N3C4COCN3C(=C3CC3)C4)n2)c1,CXMYMVGRSKCHPT-UHFFFAOYSA-N,15,1.1655608928221277,0.999030590057373,0.8326515138237734,False
NC(=O)Oc1nc(-c2cccnc2)nc(N2C3COCN2C(C2CC2)C3)n1,BNLUNLNFMFLXRW-UHFFFAOYSA-N,14,1.1655461572023054,0.9976229071617126,0.839616250202963,False
Oc1nc(-c2cnccc2Cl)nc(N2C3COCN2C(=C2CC2)C3)n1,YRUQBRSTHSWHEQ-UHFFFAOYSA-N,18,1.1652842951812583,0.9906696081161499,0.8730734353255426,False
Cc1nc(-c2cccnc2)nc(C2CC2N2C(=N)COCC2C)n1,DKKVHZFSRDLQSL-UHFFFAOYSA-N,13,1.1648506828867653,0.9796567559242249,0.9259696348127022,False
Cc1nc(-c2cccnc2)nc(C2CC2N2CCOCC2N)n1,REPCABTVDKEDKL-UHFFFAOYSA-N,10,1.1646439696402449,0.9861443042755127,0.8924983268236601,False
Oc1ccc(-c2nc(O)nc(N3C4COCN3C(=C3CC3)C4)n2)cn1,XJDDFWYYTGNBKG-UHFFFAOYSA-N,17,1.164487651588302,0.9979573488235474,0.8326515138237734,False
Cc1nc(-c2cccnc2)nc(C2CC2C2C(O)C2N2CCOCC2=N)n1,IYFMPELKPXRBMI-UHFFFAOYSA-N,14,1.163828848096855,0.9975663423538208,0.8313125287151716,False
Cc1nc(-c2cncc(C(=O)O)c2)nc(C2CC2N2CCOCC2=N)n1,WTVDXVYUUPIYNF-UHFFFAOYSA-N,13,1.1637753876094146,0.9965531826019287,0.8361110250374286,False
N=C1COCCN1C1CC1c1nc(Cl)nc(-c2cccnc2)n1,QEISKAVHQSVSOW-UHFFFAOYSA-N,12,1.1635171477018433,0.9790969491004944,0.9221009930067446,False
Cc1nc(-c2ccc(O)nc2)nc(C2CC2N2CCOCC2N)n1,CZHWKASQGGBPPD-UHFFFAOYSA-N,11,1.163049828949143,0.9962611794471741,0.8339432475098445,False
Cc1nc(-c2cncc(N)c2)nc(C2CC2N2CCOCC2N)n1,AYMBIZQDCJLEQI-UHFFFAOYSA-N,11,1.16273007132255,0.9974314570426941,0.8264930713992787,False
NC1OCN2C(C3CC3)CC1N2c1nc(O)nc(-c2cccnc2)n1,VBIHXXDUPWXDMH-UHFFFAOYSA-N,19,1.1625011301841062,0.9979568719863892,0.822721290988585,False
Oc1nc(-c2cnccc2C2CC2)nc(N2C3COCN2C(=C2CC2)C3)n1,LXAVPROFFZLBKQ-UHFFFAOYSA-N,15,1.162494189677038,0.9848959445953369,0.8879912254085054,False
Oc1nc(-c2cccnc2)nc(N2C3COCC2C(=C2CC2)C3)n1,MYOLAWFDSZJPGD-UHFFFAOYSA-N,7,1.1624431106196693,0.9940158128738403,0.8421364887291453,False
Cc1nc(-c2cccnc2)nc(C2C(Cl)C2N2CCOCC2=N)n1,ALDCZNRLUDKIEM-UHFFFAOYSA-N,13,1.1623430916975144,0.9920916557312012,0.8512571798315656,False
Cc1nc(-c2cccnc2)nc(N2C3CONC2C(C2CCOCC2)(C2CC2)C3)n1,BJZWVYSAZBQQDL-UHFFFAOYSA-N,14,1.162226488920786,0.9970173835754395,0.8260455267267336,False
Oc1nc(-c2cccnc2)nc(N2C3COCC2C(C2CC2)C3=C2CC2)n1,MQJBVKPDEOJIPT-UHFFFAOYSA-N,11,1.16185098511963,0.994246780872345,0.8380210212364244,False
Oc1nc(-c2cccnc2)nc(N2C3COC(O)N2C(=C2CC2)C3)n1,CILNPCPZGANTOS-UHFFFAOYSA-N,16,1.1616772080412525,0.9976969361305237,0.8199013595536441,False
Oc1nc(-c2cccnc2)nc(N2N3COCC2(O)CC3=C2CC2)n1,TYQNVZOSGLXWPL-UHFFFAOYSA-N,16,1.161482212511211,0.9974896907806396,0.8199626086528562,False
Oc1nc(-c2cccnc2)nc(N2N3COCC2(F)CC3=C2CC2)n1,DHVIFUPMHQRPGP-UHFFFAOYSA-N,18,1.1613350194448373,0.9960535764694214,0.8264072148770795,False
O=C(O)c1ccc(-c2nc(O)nc(N3C4COCN3C(=C3CC3)C4)n2)cn1,BOATZFDMAQFRMA-UHFFFAOYSA-N,19,1.16070262100468,0.9976603984832764,0.8152111126070182,False
Nc1nc(-c2cnccn2)nc(N2C3COCC2C(C2CCOCC2)C3)n1,LIBWBRUZVOIGCJ-UHFFFAOYSA-N,12,1.1603287979978874,0.9915396571159363,0.8439457044097556,False
COc1nc(-c2cccnc2)nc(N2C3COCN2C(=C2CC2)C3)n1,MIGBIQGOLHIJNW-UHFFFAOYSA-N,16,1.160133409524327,0.9925262928009033,0.8380355836171183,False
Cc1nc(-c2cncc(F)c2)nc(C2CC2N2CCOCC2=N)n1,XTKGHPSOOQCTMR-UHFFFAOYSA-N,15,1.1600167057968824,0.9761152863502502,0.9195070972331606,False
Cc1nc(-c2ccc(C3CCOCC3)nc2)nc(C2CC2N2CCOCC2=N)n1,APVNMWWEOOQFBO-UHFFFAOYSA-N,14,1.1599449226936098,0.9900133609771729,0.8496578085821843,False
Oc1nc(-c2cccnn2)nc(N2C3COCN2C(C2CC2)C3)n1,AGWMPFJPBHMUBW-UHFFFAOYSA-N,17,1.1596649365897187,0.9860917925834656,0.8678657200312655,False
Oc1nc(-c2cccnc2)nc(N2N3COCC2(O)CC3C2CC2)n1,MAUBTUGJEICPDR-UHFFFAOYSA-N,19,1.1595400380865546,0.9945350885391235,0.8250247477371551,False
CC1COCCN1c1nc(-c2cccnc2)nc(C2CC2N2CCOCC2=N)n1,NUCGNKKSEQBWKH-UHFFFAOYSA-N,14,1.1594691474044312,0.9939814209938049,0.8274386320531311,False
Cc1nc(-c2ccc(N)nc2)nc(N2C3COCC2C(=C2CC2)C3)n1,AXDOBOYUVAVKMB-UHFFFAOYSA-N,11,1.1594245217938992,0.9919145107269287,0.8375500553348524,False
Oc1ccc(-c2ncnc(N3C4COCN3C(=C3CC3)O4)n2)cn1,MZXXXVVUZSKKFI-UHFFFAOYSA-N,19,1.1591565787736642,0.9857963919639587,0.866800934048527,False
Cc1nc(-c2cccnc2)nc(C2(C(=O)O)CC2N2CCOCC2=N)n1,QCNPSCRVNYZRAW-UHFFFAOYSA-N,17,1.1589434503093976,0.9950408339500427,0.8195130817967746,False
NC1C(O)C1c1nc(-c2cccnc2)nc(N2C3CCC2COC3)n1,DTSSJHXRDUHRLX-UHFFFAOYSA-N,11,1.1585141145359938,0.9967989921569824,0.8085756118950574,False
Oc1ccc(-c2ncnc(N3C4COCN3C(=C3CC3)C4)n2)cn1,LPIPGIXYLAHMJT-UHFFFAOYSA-N,18,1.15826768352886,0.9805845022201538,0.8884159065435305,False
Oc1nc(-c2cccnc2)nc(N2C3COC(N4CCOCC4)N2C(=C2CC2)C3)n1,LYWASXVFQZJWRV-UHFFFAOYSA-N,17,1.1577183136130373,0.9989388585090637,0.7938972755198679,False
Oc1nc(-c2ccnnc2)nc(N2C3COCC2C(=C2CC2)C3)n1,UGGRBAPELPREGN-UHFFFAOYSA-N,13,1.1576460094127494,0.9935728311538696,0.8203658912943993,False
Oc1nc(-c2ccc(F)nc2)nc(N2C3COCN2C(=C2CC2)C3)n1,NWCQLIHURMQZAF-UHFFFAOYSA-N,16,1.1569571205512725,0.9921876192092896,0.8238475067099152,False
Cc1nc(-c2cccnc2)nc(C2CC2N2CCOC(Cl)C2=N)n1,UOROKQSQIPHHBG-UHFFFAOYSA-N,15,1.1566599525690202,0.9853825569152832,0.856386978268685,False
CC1C(=C2CC2)N2COCC1(F)N2c1nc(O)nc(-c2cccnc2)n1,QEYMMKUKRNCLCN-UHFFFAOYSA-N,19,1.1561344557519873,0.9925454258918762,0.8179451493005551,False
Nc1nc(-c2cccnc2)nc(N2C3COCC2C(C2CCOOC2)C3)n1,YMHZRBZFALRQPG-UHFFFAOYSA-N,12,1.15601995060987,0.9972726702690125,0.7937364017042882,False
Oc1nc(-c2cccnc2)nc(N2C3COC(S)N2C(=C2CC2)C3)n1,MCJVFCCFGHSZAX-UHFFFAOYSA-N,17,1.1556139475932319,0.9982408285140991,0.7868655953956639,False
NC(=O)c1ccncc1-c1nc(O)nc(N2C3COCN2C(=C2CC2)C3)n1,JEABQADIVIAKMX-UHFFFAOYSA-N,17,1.1554204846835499,0.9956232905387878,0.7989859707238104,False
Oc1nc(-c2cccnc2)nc(N2C3COCC2C(=C2CO2)C3)n1,WEJPVIJAKWAJFN-UHFFFAOYSA-N,9,1.155214604694598,0.9924899935722351,0.8136230556118139,False
Cc1nc(-c2cccnc2)nc(N2C3COCC2C(C2CC2)C3)n1,HFTSTMJDWYZHAG-UHFFFAOYSA-N,7,1.155002485853367,0.9823908805847168,0.8630580263432505,False
Nc1nc(-c2cccnc2)nc(N2C3COCC2C(=C2CCOCC2)C3)n1,FIJGJVSPYGZIIJ-UHFFFAOYSA-N,13,1.1548372856283868,0.9947704672813416,0.8003340917352257,False
NC(=O)C1OCC2CC(=C3CC3)N1N2c1nc(O)nc(-c2cccnc2)n1,HUUSODLPBLPGGW-UHFFFAOYSA-N,16,1.154679346538497,0.9972146153450012,0.7873236559674791,False
Nc1nc(-c2cccnc2)nc(N2C3COCC2C(C2CCOCC2)N3)n1,QGXFNWNUYZUUQI-UHFFFAOYSA-N,13,1.1532492600075428,0.9940482378005981,0.7960051110347232,False
CC1CC2COCC1N2c1nc(-c2cccnc2)nc(C2CC2N2CCOCC2N)n1,KFUCOWNUGCQVRO-UHFFFAOYSA-N,7,1.1529516435064946,0.9985682964324951,0.7719167353699973,False
Cc1ccnc(C2CCOCC2)c1-c1nc(O)nc(N2C3COCN2C(=C2CC2)C3)n1,CGEUUNRXQHBBHF-UHFFFAOYSA-N,16,1.1528840369505395,0.9927805066108704,0.8005176516983462,False
Cc1nc(-c2cccnc2)nc(C2CC2N2C(N)COCC2N2CCOCC2)n1,GCOJWVNVBTWCTH-UHFFFAOYSA-N,13,1.1528209233149271,0.9960631728172302,0.7837887524884843,False
Cc1nc(-c2cccnc2)nc(N2C3COCC2C(N2CCOCC2)C3)n1,ISMIYTNMCPJZKD-UHFFFAOYSA-N,7,1.1520999012404356,0.993766188621521,0.7916685630945733,False
Cc1nc(-c2cccnc2)nc(C2CC2N2CCOCC2C2CC2)n1,OGKGAJHGIHYNNR-UHFFFAOYSA-N,15,1.1519056904601364,0.9814609885215759,0.8522235096928017,False
NC1COCCN1C1CC1c1nc(-c2cccnc2)nc(N2C3CCC2CSC3)n1,HGBQVNIWZCLDDU-UHFFFAOYSA-N,12,1.1516552021507291,0.9952985644340515,0.781783188583388,False
O=C(O)C1CC1=C1CC2COCN1N2c1ncnc(-c2ccc(O)nc2)n1,RUNQLKJYTQEJBP-UHFFFAOYSA-N,19,1.151313956707229,0.9907864928245544,0.8026373194133722,False
NC(=O)C1CC1=C1SC2COCN1N2c1nc(O)nc(-c2cccnc2)n1,HBTJGKVKTNTFDV-UHFFFAOYSA-N,17,1.151059547707702,0.9976442456245422,0.7670765104157979,False
CC1CC2CSCC1N2c1nc(-c2cccnc2)nc(C2CC2N2CCOCC2N)n1,KBOOYEZVZQWJFC-UHFFFAOYSA-N,10,1.150965017725909,0.9980986714363098,0.7643317314479954,False
Cc1nc(-c2cccnc2)nc(C2CC2N2C(=N)COCC2(C)C2CCOCC2)n1,UVWIYGOOJWUKHF-UHFFFAOYSA-N,14,1.1506622180908033,0.9845954179763794,0.8303340005721195,False
NC1CC1C1CC2COCC1N2c1nc(-c2cccnc2)nc(N2C3CCC2COC3)n1,MFBNDMRBWJWCQD-UHFFFAOYSA-N,6,1.150528791834326,0.9985833168029785,0.7597273751567384,False
NC12COCC(CC1=C1CC1)N2c1nc(O)nc(-c2cccnc2)n1,KZNANALLKCCEKG-UHFFFAOYSA-N,11,1.1502966874939824,0.9942492246627808,0.7802373141560085,False
NC(=O)c1ccncc1-c1nc(O)nc(N2C3COCN2C(=C2CC2F)C3)n1,UJDCVJQBAHRDLE-UHFFFAOYSA-N,19,1.1499490845892857,0.9947486519813538,0.7760021630396592,False
NC12CCC(COC1)N2c1nc(-c2cccnc2)nc(C2CC2N2CCOCC2)n1,GJPLVBJFDUGEKR-UHFFFAOYSA-N,8,1.1496170425051642,0.99274080991745,0.7843811629385713,False
Cc1nc(-c2ccc(N3CCOCC3)nc2)nc(N2C3COCC2C(C2CC2)C3)n1,ANUOMBVKIFMZNF-UHFFFAOYSA-N,10,1.1493187561357665,0.997079610824585,0.7611957265559081,False
Cc1cncc(-c2nc(C3CC3N3CCOCC3)nc(N3C4CCC3(N)COC4)n2)c1,RWGABZGVSAUOEO-UHFFFAOYSA-N,9,1.148867708445212,0.994114339351654,0.7737668454677893,False
c1cncc(-c2nc(N3CCOCC3)nc(N3C4CCC3COC4)n2)c1,GDPDOGKSFBAPJA-UHFFFAOYSA-N,8,1.1483126156237913,0.9858890771865845,0.8121176921860339,False
CC1CC2COCC1N2c1nc(-c2cccnc2)nc(C2CC2N2CCOCC2)n1,MVDPGSYUCDZRFA-UHFFFAOYSA-N,6,1.1481141611361247,0.9966676831245422,0.7572323900579124,False
Oc1ncccc1-c1nc(N2C3CCC2COC3)nc(N2C3COCC2C(C2CC2)C3)n1,UXJAIDHPKSXSLE-UHFFFAOYSA-N,7,1.1472675160681385,0.992900013923645,0.7718375107224669,False
Oc1nc(-c2cccnc2)nc(N2C3COCC2(O)C(=C2CC2)C3)n1,FWZSJFBCXDMEKV-UHFFFAOYSA-N,10,1.1471566053813835,0.990789532661438,0.7818353635997276,False
Nc1nc(-c2cccnc2)nc(N2C3COCC2C(C2(C4CCOCC4)CCOCC2)C3)n1,NYKIQFUKYOHUMU-UHFFFAOYSA-N,11,1.1470273730311544,0.9975444674491882,0.7474145279098308,False
NC(=O)C1OCN2C(=C3CC3)CC1N2c1nc(O)nc(-c2cnccc2Cl)n1,DTKAFXYHGTUXOR-UHFFFAOYSA-N,19,1.146296960179916,0.9919243454933167,0.7718630734329965,False
COc1nc(-c2cccnc2)nc(N2N3COCC2(C2CC2)CC3=C2CC2)n1,MBLUDXKCDSWTKE-UHFFFAOYSA-N,17,1.1461988729073156,0.9855138063430786,0.8034253328211847,False
CC1OCCN(C2CC2c2nc(-c3cccnc3)nc(N3C4COCN3C(=C3CC3)C4)n2)C1=N,LJEMZFSRDUABDL-UHFFFAOYSA-N,16,1.1461411272624706,0.9989344477653503,0.7360333974856011,False
c1cncc(-c2nc(NC3CC3)nc(N3C4COCC3C(C3CCOCC3)C4)n2)c1,YFJVWGQAHHRNBN-UHFFFAOYSA-N,12,1.1456096925406318,0.984029233455658,0.8079022954248689,False
Cc1nc(-c2cccnc2)nc(N2N3COCC2(C)CC3=C2CC2)n1,DQBFTALQCIGYHY-UHFFFAOYSA-N,16,1.145437052407631,0.9785836338996887,0.8342670925397114,False
O=C(F)c1ccncc1-c1nc(O)nc(N2C3COCN2C(=C2CC2)C3)n1,BPFSVAMKZRMLBL-UHFFFAOYSA-N,19,1.1454046331642245,0.9841489195823669,0.8062785679092875,False
c1cncc(-c2nc(C3CC3N3CCOCC3)nc(N3C4CCC3COC4)n2)c1,SEWYMDRWYUMNLL-UHFFFAOYSA-N,7,1.1451538087208468,0.9907363057136536,0.7720875150359662,False
Oc1nc(-c2cccnc2C2CCOCC2)nc(N2C3COCN2C(=C2CC2)C3)n1,OWWMJONQIGTLDY-UHFFFAOYSA-N,15,1.1449595271869564,0.9808160662651062,0.8207173046092509,False
Cc1nc(-c2cncc(C(=O)ON)c2)nc(C2CC2N2CCOCC2=N)n1,CHQQPYKSHCFXAP-UHFFFAOYSA-N,14,1.1446967353407342,0.997843861579895,0.7342643688041955,False
NC(=O)C1CC(C2CC3COCC2N3c2nc(N)nc(-c3cccnc3)n2)CCO1,BTSRHQMENGYOST-UHFFFAOYSA-N,11,1.1443062931928465,0.9982877373695374,0.7300927791165458,False
Cc1cncc(-c2nc(C3CC3N3CCOCC3)nc(N3C4CCC3COC4)n2)c1,JFADYFOJNUHRMM-UHFFFAOYSA-N,9,1.1440600737960507,0.9924443364143372,0.7580786869085681,False
CC1CC2CSCC1N2c1nc(-c2cccnc2)nc(C2CC2N2CCOCC2)n1,OSRYZJHAZZUBKO-UHFFFAOYSA-N,9,1.1435699940542043,0.9952604174613953,0.7415478829640452,False
OC1OCC2CC(=C3CC3)N1N2c1ncnc(-c2cccnc2)n1,LYKAIXUFZOAJEA-UHFFFAOYSA-N,18,1.1434432459050758,0.9678404331207275,0.8780140639217409,False
Nc1nc(-c2cccnc2)nc(N2C3COCC2(F)CC3C2CCOCC2)n1,LREOJGDHMNIWMV-UHFFFAOYSA-N,8,1.1434249594596133,0.9838352203369141,0.7979486956134966,False
c1cncc(-c2nc(N3C4CCC3COC4)nc(N3C4COCC3C(C3CC3)C4)n2)c1,BUDQWEWJUOXEAU-UHFFFAOYSA-N,1,1.1432805364978325,0.9941001534461975,0.7459019152581746,False
NC1CC1C1CC2COCC1N2c1nc(-c2cccnc2)nc(N2C3COCC2C(F)C3)n1,BPTFUXJSFVPROS-UHFFFAOYSA-N,4,1.1432350153041595,0.9969916343688965,0.7312169046763151,False
Nc1nc(-c2cccnc2)nc(N2C3COCC2C(N2C4COCC2C(=C2CC2)C4=C2CC2)C3)n1,LTDXXTMVGDTHHX-UHFFFAOYSA-N,13,1.1428413766471321,0.9986347556114197,0.7210331051785623,False
OC12CCC(COC1)N2c1nc(-c2cccnc2)nc(N2C3CONC2C(C2CC2)C3)n1,UFYZUIHTVIZZQT-UHFFFAOYSA-N,6,1.1419823166818817,0.9977160692214966,0.7213312373019259,False
COC(=O)c1nc(-c2cccnc2)nc(N2C3COCC2C(C2CC2)C3)n1,ITDLLOLZUVSJEL-UHFFFAOYSA-N,5,1.1414268935906262,0.9904676079750061,0.7547964280781005,False
Cc1nc(-c2ccc(O)nc2)nc(C2CC2N2C(N)COCC2N2CCOCC2)n1,ZTDIVYLUWKMQMD-UHFFFAOYSA-N,12,1.141349575200491,0.9989219903945923,0.712137924029493,False
OCC1CC2COCC1N2c1nc(-c2cccnc2)nc(C2CC2N2CCOCC2)n1,XTCLEGHZAFXQAX-UHFFFAOYSA-N,5,1.1411443774965115,0.9923186302185059,0.7441287363900289,False
OCC1CC2CSCC1N2c1nc(-c2cccnc2)nc(C2CC2N2CCOCC2)n1,SUFGKMVOEOAJOJ-UHFFFAOYSA-N,7,1.1409770679080475,0.9926538467407227,0.741616105836625,False
CC1CC2C(C(=O)O)OCC1N2c1nc(-c2cccnc2)nc(C2CC2N2CCOCC2)n1,UKMVJDRILWXDEG-UHFFFAOYSA-N,7,1.1407763763913754,0.9988890290260315,0.7094367368267197,False
OC=C1CC2CSCC1N2c1nc(-c2cccnc2)nc(C2CC2N2CCOCC2)n1,WJQIXTQSILFDBO-UHFFFAOYSA-N,8,1.140691052773897,0.9962322115898132,0.7222942059204182,False
c1cncc(-c2nc(C3CC3N3CCOCC3)nc(N3C4CCC3CSC4)n2)c1,CJOLUOLDHCVRBF-UHFFFAOYSA-N,11,1.1403681523481113,0.988351047039032,0.7600855265453967,False
O=C(O)C1CC2COCC1N2c1nc(-c2cccnc2)nc(C2CC2N2CCOCC2)n1,AWUYOAZHAQUIIH-UHFFFAOYSA-N,3,1.1401580399653524,0.9963783621788025,0.7188983889327495,False
c1cncc(-c2nc(N3C4COCC3C(C3CC3)C4)nc(N3C4CC[SH]3COC4)n2)c1,IOTHUCAABXZYDX-UHFFFAOYSA-N,4,1.1394422855692554,0.9940807223320007,0.7268078161862734,False
NC1CC1C1CC2COCC1N2c1nc(-c2cccnc2)nc(N2C3CCC2OOC3)n1,MYBJYEFXNUYEKA-UHFFFAOYSA-N,7,1.1390622117282567,0.9993150234222412,0.6987359415300777,False
Nc1nc(-c2cnccc2C2CC2)nc(N2C3COCC2C(C2CCOCC2)C3)n1,MDTGGSKYCBLYFN-UHFFFAOYSA-N,8,1.1387094372360764,0.9740323424339294,0.8233854740107348,False
C=C1CC2COCC1N2c1nc(-c2cccnc2)nc(C2CC2N2CCOCC2N)n1,CEKMPMFNOSNZAC-UHFFFAOYSA-N,9,1.1386077101805239,0.9940862655639648,0.7226072230827955,False
NCC1CC2COCC1N2c1nc(-c2cccnc2)nc(C2CC2N2CCOCC2)n1,UFXTYOMIZMLQET-UHFFFAOYSA-N,6,1.138408318704459,0.9897464513778687,0.7433093366329518,False
O=C(NC1CCOCC1)Oc1nc(-c2cccnc2)nc(N2C3COCN2C(C2CC2)C3)n1,IGUFEGATOIXHFW-UHFFFAOYSA-N,15,1.138388199016404,0.9947831034660339,0.7180254777518504,False
Cc1cncc(-c2nc(C3CC3N3CCOCS3)nc(N3C4CCC3(N)COC4)n2)c1,RKMPMPBKSISIIS-UHFFFAOYSA-N,11,1.1382406055505172,0.9972063899040222,0.7051710782324749,False
OCC12COCC(CC1C1CC1)N2c1nc(-c2cccnc2)nc(N2C3CCC2COC3)n1,WJCFFEJYWBIMSZ-UHFFFAOYSA-N,4,1.1368353653769205,0.9909394979476929,0.7294793371461381,False
NC(=O)C12COCC(CC1C1CC1)N2c1nc(-c2cccnc2)nc(N2C3CCC2COC3)n1,MIZQDVHXZJPXLE-UHFFFAOYSA-N,2,1.136472674991921,0.9971951246261597,0.6963877518288059,False
NC(=O)C1CC2COCC1N2c1nc(-c2cccnc2)nc(C2CC2N2CCOCC2)n1,FTNKPNNKGWRQEE-UHFFFAOYSA-N,8,1.1360548836505637,0.9961835741996765,0.6993565472544356,False
Cc1nc(-c2cccnc2)nc(C2CC2N2CCOCC2)n1,KRWGWMJOBYXLDM-UHFFFAOYSA-N,14,1.1359308245094175,0.9651795625686646,0.8537563097037647,False
Cc1nc(-c2cccnc2)nc(N2C3COCC2C(=C2CC2)C3)n1,FZAOQSRUJMGFJA-UHFFFAOYSA-N,12,1.135708840695668,0.9775028824806213,0.7910297910752325,False
c1cncc(-c2ncnc(N3C4CONC3C(C3CCOCC3)C4)n2)c1,NDYLMBMAMCUJPE-UHFFFAOYSA-N,13,1.1350824546497518,0.957944929599762,0.8856876252499493,False
N=C1COCCN1C1CC1c1nc(CN2CCOCC2C2CC2)nc(-c2cccnc2)n1,LURBBKUXDUEYGV-UHFFFAOYSA-N,16,1.1350071288262642,0.9886061549186707,0.7320048695379681,False
c1cncc(-c2nc(N3C4CCC3OOC4)nc(N3C4COCC3C(C3CC3)C4)n2)c1,STZIYAUGUMAOPD-UHFFFAOYSA-N,8,1.1348301534071272,0.9971576929092407,0.6883623024894323,False
O=C(O)C12CCC(COC1)N2c1nc(-c2cccnc2)nc(N2C3COCC2C(C2CC2)C3)n1,DQHJHHJIKJAZGR-UHFFFAOYSA-N,4,1.1347405054559545,0.9943419694900513,0.7019926798295162,False
NCC12COCC(CC1C1CC1)N2c1nc(-c2cccnc2)nc(N2C3CCC2COC3)n1,AAHVMQUASKDQTJ-UHFFFAOYSA-N,4,1.13451960735996,0.9886214137077332,0.7294909682611344,False
CC12CCC(COC1)N2c1nc(-c2cccnc2)nc(C2CC2N2CCOCC2)n1,AWWYJPFBIVCXCH-UHFFFAOYSA-N,9,1.1344835910579687,0.9826647639274597,0.7590941356525442,False
Cc1ccncc1-c1nc(-c2cccnc2)nc(C2CC2N2CCOCC2=N)n1,DGGAASLUQHWTGX-UHFFFAOYSA-N,14,1.1341997303038005,0.9874558448791504,0.7337194271232508,False
Cc1cncc(-c2nc(C3CC3N3CCOCC3)nc(N3C4CCC3(N)C(Cl)OC4)n2)c1,ROYGDKYVTREWHV-UHFFFAOYSA-N,12,1.1341196521142356,0.9969107508659363,0.6860445062414966,False
Nc1nc(-c2cccnc2)nc(N2C3COCC2C(c2cccnc2)C3)n1,BPVLXZISMUIJGP-UHFFFAOYSA-N,13,1.134008625576572,0.9837304353713989,0.7513909510258647,False
Cc1cncc(-c2nc(C3CC3N3CCOCS3)nc(N3C4CCC3COC4)n2)c1,LBTMCXROTJYBEP-UHFFFAOYSA-N,12,1.133391426149232,0.9963829517364502,0.685042372063909,False
NC(=O)c1ccncc1-c1nc(O)nc(N2C3COCC2C(=C2CO2)C3)n1,KNEDDZBIZDQBDH-UHFFFAOYSA-N,10,1.133320647527599,0.9900717735290527,0.7162443699927308,False
c1cncc(-c2nc(N3C4CCC3COC4)nc(N3C4COCC3C(=C3CC3)C4)n2)c1,JWFWHRWXQJHHFR-UHFFFAOYSA-N,6,1.133278567310056,0.9925745725631714,0.7035199737344233,False
CC1CC2COC[SH]1N2c1nc(-c2cccnc2)nc(C2CC2N2CCOCC2N)n1,ZXRJYAITYRXICY-UHFFFAOYSA-N,8,1.1330292687630057,0.9977238774299622,0.6765269566652174,False
CC1CC2C(C(=O)O)OCC1N2c1nc(-c2cccnc2)nc(C2CC2N2CCNCC2)n1,UINOGNRYXZXROG-UHFFFAOYSA-N,8,1.132890445145894,0.9979348182678223,0.6747781343903586,False
OC12COCN(C(=C3CC3)C1)N2c1ncnc(-c2cccnc2)n1,CQZIAWBLQJQPJG-UHFFFAOYSA-N,17,1.1328761920628831,0.957263171672821,0.8780651019503103,False
c1cncc(-c2nc(N3C4CCC3COC4)nc(N3C4CC(C5CC5)C3COO4)n2)c1,WCEDKRKQKJXOKY-UHFFFAOYSA-N,4,1.13271043342498,0.9950379729270935,0.6883623024894324,False
c1cncc(-c2nc(NC3CS3)nc(N3C4COCC3C(C3CCOCC3)C4)n2)c1,BRHOARAYDNKYAP-UHFFFAOYSA-N,13,1.132287189043502,0.9873626232147217,0.7246228291439012,False
N=C1COCCN1C1CC1c1nc(CN2CCOCC2)nc(-c2cccnc2)n1,KZYPEMKLQTYKTF-UHFFFAOYSA-N,15,1.1322229236670394,0.9725996851921082,0.7981161923746555,False
OC1OCC2CC(C3CC3)C1N2c1nc(-c2cccnc2)nc(N2C3CC[SH]2COC3)n1,FMEKWVPUWKCIII-UHFFFAOYSA-N,6,1.1318564706941645,0.99846351146698,0.6669647961359221,False
O=C(O)C1C(=C2CC2)N2C(O)OCC1N2c1nc(O)nc(-c2cccnc2)n1,OZXLAQWBBMVIGL-UHFFFAOYSA-N,18,1.1316029206790812,0.9991798996925354,0.6621151049327292,False
FNc1nc(-c2cccnc2)nc(N2C3COCC2C(C2CCOCC2)C3)n1,MEZNRMNKNZGCIS-UHFFFAOYSA-N,9,1.131090765774253,0.9708508849143982,0.8011994042992745,False
FC1CC2COCC1N2c1nc(-c2cccnc2)nc(N2C3COCC2C(C2CC2)C3)n1,MEBSHSKVILXGGL-UHFFFAOYSA-N,2,1.1310012985574,0.9870734214782715,0.7196393853956427,False
Oc1nc(-c2ncnc(N3C4COCN3C(C3CC3)C4)n2)nc(N2C3COCN2C(=C2CC2)C3)n1,HLNNODYGHYMPES-UHFFFAOYSA-N,19,1.130359134178401,0.997116208076477,0.666214630509619,False
NC(=O)CC1CC2COCC1N2c1nc(-c2cccnc2)nc(C2CC2N2CCOCC2)n1,SLLCOLSJWYGNLT-UHFFFAOYSA-N,8,1.1302744816025627,0.9957243204116821,0.6727508059544031,False
OCC1CC2C(O)SCC1N2c1nc(-c2cccnc2)nc(C2CC2N2CCOCC2)n1,ZRKTVBZTNBBRRT-UHFFFAOYSA-N,8,1.1295681886094022,0.9957925081253052,0.6688784024204857,False
OC(=S)C1CC2COCC1N2c1nc(-c2cccnc2)nc(C2CC2N2CCOCC2)n1,TVGGRXUSJMHRFH-UHFFFAOYSA-N,6,1.129177572416012,0.9949434399604797,0.6711706622776613,False
c1cncc(-c2nc(N3C4COCC3C(C3CC3)C4)nc(N3C4COCC3C(C3CC3)C4)n2)c1,SDSGMGAZKDGBOX-UHFFFAOYSA-N,7,1.1289526127996425,0.994105339050293,0.6742363687467476,False
COCc1nc(-c2cccnc2)nc(N2C3COCC2C(C2CC2)C3)n1,GGNNEETXVGWIMZ-UHFFFAOYSA-N,6,1.127937347819479,0.965008020401001,0.81464663709239,False
NC(=O)C1CC1=C1SC2COCN1N2c1nc(-c2cccnc2)nc(N2C3CCCN2C(=C2CC2)C3)n1,YRADVKURXRXKMT-UHFFFAOYSA-N,18,1.127801918528803,0.9989809393882751,0.6441048957026394,False
O=COc1nc(-c2cccnc2)nc(N2C3COCN2C(=C2CC2)C3)n1,MLNBWACLPWVFCE-UHFFFAOYSA-N,16,1.1271711448250485,0.9762389063835144,0.7546611922076711,False
NC(=O)C1OCC2CCC1N2c1nc(-c2cccnc2)nc(N2C3CC(C4CC4)C2COO3)n1,OWZYCFZOZRSBKK-UHFFFAOYSA-N,7,1.1266112856895023,0.9986636638641357,0.639738109126833,False
NCC12COCC(C(O)C1C1CC1)N2c1nc(-c2cccnc2)nc(N2C3CCC2COC3)n1,TZFYIGUMPKRQRW-UHFFFAOYSA-N,6,1.1255574625156373,0.9957544803619385,0.6490149107684939,False
FC1(C2CC2)CC2COCC1N2c1nc(-c2cccnc2)nc(C2C3COCC2C(C2CC2)C3)n1,GMPDBOMZXXGPLQ-UHFFFAOYSA-N,5,1.125532013893988,0.9958353042602539,0.6484835481686702,False
Oc1nc(-c2cccnc2)nc(N2C3COC(Cl)C2CC3=C2CC2)n1,PKGPJTWRIFVHML-UHFFFAOYSA-N,9,1.1255082804043852,0.9952059388160706,0.6515117079415729,False
NC(=O)C1OCCN(C2CC2c2nc(-c3cccnc3)nc(N3C4CCC3CSC4)n2)C1N,XJEQHHHEQMYUSF-UHFFFAOYSA-N,13,1.125160526162584,0.9987425208091736,0.6320900267670528,False
c1cncc(-c2nc(C3CC3N3CCOCC3)nc(C3CC3N3CCOCC3)n2)c1,NGBYUXCSSCTMOG-UHFFFAOYSA-N,9,1.1250441737105092,0.9784268140792847,0.733086798156123,False
O=C(O)C1CC2COCC1N2c1nc(-c2cncc(C3CC3)c2)nc(C2CC2N2CCOCC2)n1,LDDXIGSEFSAGFB-UHFFFAOYSA-N,6,1.125044141376294,0.9935123324394226,0.6576590446843562,False
Oc1ccncc1-c1ncnc(N2C3COCN2C(=C2CC2)C3)n1,FJVGNXZTJDHUEE-UHFFFAOYSA-N,19,1.125013060115774,0.9473298788070679,0.8884159065435304,False
CC1CC1=C1CC2CCCN1N2c1nc(-c2cccnc2)nc(N2C3COCN2C(=C2CC2C(N)=O)S3)n1,FWJYFIIFCBLNSX-UHFFFAOYSA-N,19,1.1249196851217265,0.9994392991065979,0.6274019300756424,False
Oc1nc(-c2cccnc2)nc(N2C3COSN2C(=C2CC2)C3)n1,HZLGGVMXSLSOIA-UHFFFAOYSA-N,18,1.1247774887590307,0.9946485161781311,0.6506448629044982,False
NCC12CCC(COC1)N2c1nc(-c2cccnc2)nc(N2C3COCC2C(C2CC2N)C3)n1,BZRNIXXFNPTXTK-UHFFFAOYSA-N,8,1.1245282849778515,0.9949514865875244,0.6478839919516355,False
COc1nc(O)nc(N2C3COCN2C(=C2CC2)C3)n1,KTIVTDYPIXLVEH-UHFFFAOYSA-N,18,1.1239037291815177,0.9574632048606873,0.8322026216041521,False
c1cncc(-c2ncnc(C3CC3N3C4COCN3C(=C3CC3)C4)n2)c1,KFAKYLDMINBIKW-UHFFFAOYSA-N,15,1.123441336320251,0.955154299736023,0.8414351829211392,False
Oc1nc(-c2cccnc2)nc(N2C3CC(=C4CC4)C2COS3)n1,NUODDMKVKYLSLK-UHFFFAOYSA-N,11,1.1234321830840595,0.9918434023857117,0.6579439034917391,False
CC1CC2CSCC1N2c1nc(-c2cccnc2)nc(C2CC2N2CCOC(N3CCOCC3)C2N)n1,VLRBCLINLHUNCN-UHFFFAOYSA-N,12,1.122235414739047,0.999553382396698,0.6134101617117447,False
OC(C1CCOCC1)C1CC2COCC1N2c1nc(-c2cccnc2)nc(C2CC2N2CCOCC2)n1,AUHSGLRXXOKRBK-UHFFFAOYSA-N,7,1.1222287327342033,0.998812198638916,0.6170826704764371,False
Oc1nc(-c2cccnc2)nc(-c2nc(O)nc(N3C4COCN3C(C3CC3)C4)n2)n1,JSXWPEJYSAEQAZ-UHFFFAOYSA-N,18,1.1222284910567317,0.999686598777771,0.6127094613948034,False
NC(=O)c1cncc(-c2nc(O)nc(-c3cccnc3)n2)c1,TWIUYNFZKLXECT-UHFFFAOYSA-N,9,1.122224694649076,0.9760951995849609,0.730647475320575,False
OCC12COCC(CC1C1CC1)N2c1nc(-c2cccnc2)nc(N2C3CCC2SOC3)n1,ZXJMXGOHCNPAEU-UHFFFAOYSA-N,6,1.1221079060978507,0.9904316067695618,0.6583814966414446,False
NC(=O)C1CC2COCC1N2c1nc(-c2cccnc2)nc(C2CC2c2cccnc2)n1,VFBRZNPSQNWICJ-UHFFFAOYSA-N,13,1.1218228316116594,0.9917373061180115,0.6504276274682396,False
FC1(C2CC2)CC2COCC1N2c1nc(-c2cccnc2)nc(N2C3COCC2C(C2CC2)C3)n1,JNWMMRLAAFREGJ-UHFFFAOYSA-N,4,1.1215423517988103,0.9916871190071106,0.6492761639584983,False
NC(O)C12COCC(CC1C1CC1)N2c1nc(-c2cccnc2)nc(N2C3CCC2COC3)n1,DJCIYWQSGVKMSG-UHFFFAOYSA-N,3,1.1214722876428553,0.9980394244194031,0.6171643161172611,False
Oc1nc(-c2cccnc2)nc(-c2cnccc2C2CCOCC2)n1,OJZJJHIHEIGBMP-UHFFFAOYSA-N,19,1.1213612070333812,0.9641841053962708,0.7858855081855523,False
NC(=O)C12CCC(COC1)N2c1nc(-c2cccnc2)nc(N2C3COCC2C(C2CC2N)C3)n1,MONLVYRQBGIYKZ-UHFFFAOYSA-N,7,1.1202492616889417,0.9989566802978516,0.6064629069554507,False
Cc1ncccc1-c1nc(N2C3COCC2C(C2CC2)C3)nc(N2C3CONC2C(C2CC2)C3)n1,MWSUJDQRBPZGNS-UHFFFAOYSA-N,7,1.1201559797331453,0.9799332618713379,0.701113589309037,False
FC1C(=C2CC2)C2COCC1N2c1nc(-c2cccnc2)nc(N2C3COCC2C(=C2CC2)C3)n1,CVCSODWSSNVNDB-UHFFFAOYSA-N,13,1.120153554226467,0.9943941831588745,0.6287968553379624,False
NC(=O)C12COCC(C(O)C1C1CC1)N2c1nc(-c2cccnc2)nc(N2C3CCC2COC3)n1,WLABFRVLWKXBCU-UHFFFAOYSA-N,4,1.1198520499967575,0.9982343912124634,0.6080882939214707,False
NC(=O)C1OCC2C(C3CC3)CC1N2c1nc(-c2cccnc2)nc(N2C3COCC2C(F)(C2CC2)C3)n1,GVPZDHMVMUKHEQ-UHFFFAOYSA-N,5,1.1195674865064182,0.9980400204658508,0.6076373302028368,False
Nc1nc(-c2ccccc2)nc(N2C3COCC2C(C2CCOCC2)C3)n1,XCBNFDRBCIUEST-UHFFFAOYSA-N,6,1.119515365264939,0.941668689250946,0.8892333800699647,False
c1cncc(-c2nc(N3C4CCC3COC4)nc(N3C4COCC3C(C3CC3C3CCOCC3)C4)n2)c1,KRQGIOSEDLVRCX-UHFFFAOYSA-N,9,1.119260244896682,0.997259259223938,0.6100049283637194,False
OC1CC2COCC1N2c1nc(-c2cccnc2)nc(N2C3COCC2C(C2CC2N2CCOCC2)C3)n1,LDYPLPIBZYCQNB-UHFFFAOYSA-N,9,1.1188446387187005,0.9994437098503113,0.5970046443419467,False
c1ncc(C2CC2)cc1-c1nc(C2CC2N2CCOCC2)nc(N2C3CCC2COC3)n1,BDGYUPHIRIXVBY-UHFFFAOYSA-N,8,1.1184569022851252,0.9764551520347595,0.7100087512518284,False
c1cncc(-c2nc(C3CC3N3CCOCC3)nc(N3C4CCC3(NN3CCOCC3)COC4)n2)c1,VVYFIWDTMJICNY-UHFFFAOYSA-N,9,1.117955310227768,0.995419979095459,0.6126766556615453,False
c1cncc(-c2nc(N3C4CCC3COC4)nc(N3C4COCC3C(C3CC3N3CCOCC3)C4)n2)c1,XGTVQXWZLWAUCK-UHFFFAOYSA-N,2,1.1178529204622156,0.9984102249145508,0.5972134777383239,False
O=CC12COCC(CC1C1CC1)N2c1nc(-c2cccnc2)nc(N2C3CCC2COC3)n1,ZVZMUTKAIIQYDL-UHFFFAOYSA-N,5,1.1177693805461402,0.9906519651412964,0.6355870770242187,False
O=C(O)C1COCCC1C1CC2COCC1N2c1nc(-c2cccnc2)nc(N2C3COCN2C(=C2CC2)C3)n1,MULRADRRLVCIDF-UHFFFAOYSA-N,12,1.1174913283635037,0.9996914863586426,0.5889992100243056,False
Cc1cncc(-c2nc(-c3cccnc3)nc(N3C4COCC3C(=C3CC3)C4)n2)c1,RFYBIARRNDGRJR-UHFFFAOYSA-N,10,1.1174320077349833,0.992207944393158,0.6261203167091273,False
Oc1nc(-c2cccnc2)nc(N2C3COCC2(F)CC3=C2CC2)n1,MKOPJMXLYGUZIU-UHFFFAOYSA-N,10,1.1168949571760514,0.9847983717918396,0.6604829269210593,False
Cc1nc(-c2ccc(N3CCOCC3)nc2)nc(N2C3COCC2C(c2cccnc2)C3)n1,LEHONUXPOPDQLU-UHFFFAOYSA-N,11,1.116581184882106,0.99665367603302,0.5996375442454295,False
O=C(O)C1(N2CCOCC2)CC1c1nc(-c2cccnc2)nc(N2C3CSCC2C(CO)C3)n1,LSLBQFMIOJRKMY-UHFFFAOYSA-N,9,1.1155900963482208,0.9942102432250977,0.6068992656156156,False
Cc1ncccc1-c1nc(-c2cccnc2)nc(N2N3COCC2(C)CC3=C2CC2)n1,AZFOKCGRFDKCDK-UHFFFAOYSA-N,17,1.1154666149387311,0.9864230751991272,0.6452176986980196,False
NC1CC1C1CC2(C3CCOCC3)COCC1N2c1nc(-c2cccnc2)nc(C2CC2N2CCOCC2)n1,KUTVJFIUKDDNCU-UHFFFAOYSA-N,6,1.1149845991508232,0.996878981590271,0.5905280878027611,False
Oc1nc(-c2ccc(F)nc2)nc(N2C3COCC2C(=C2CC2)C3)n1,FRXJAJNFSMCLFI-UHFFFAOYSA-N,10,1.114865072491107,0.9830746054649353,0.6589523351308575,False
c1cncc(-c2nc(C3CC3c3cccnc3)nc(N3C4CCC3COC4)n2)c1,XIBXRGPVAKNTJQ-UHFFFAOYSA-N,12,1.1144385478739516,0.9780172109603882,0.6821066845678166,False
O=C(O)C1CC2COC(C(=O)O)C1N2c1nc(-c2cccnc2)nc(C2CC2N2CCOCC2)n1,KHICYQJPIKIBJY-UHFFFAOYSA-N,6,1.1143570296305572,0.9982241988182068,0.5806641540617515,False
NC(=O)C12COCC(C(O)C1C1CC1)N2c1nc(-c2cccnc2)nc(N2C3COCC2C(F)C3)n1,ZTVOBJIBFQDKQH-UHFFFAOYSA-N,5,1.114017059529171,0.9972977042198181,0.5835967765467639,False
Oc1cncc(C2CC3COCC2N3c2nc(-c3cccnc3)nc(C3CC3N3CCOCC3)n2)c1,VIZTUJUKTFKYOF-UHFFFAOYSA-N,7,1.1139129357103867,0.9991801381111145,0.573663987996361,False
O=C(O)C1CN(C2CC2c2nc(-c3cccnc3)nc(N3C4COCC3C(CO)C4)n2)CCO1,SKZWLNQZFMBDMZ-UHFFFAOYSA-N,7,1.1138922309846913,0.9938249588012695,0.6003363609171091,False
NCC12COCC(CC1C1CC1)N2c1nc(-c2cccnc2)nc(N2C3COCC2C(C(=O)O)C3)n1,MBSQQPDBGGPCLP-UHFFFAOYSA-N,6,1.1136201586263774,0.9947973489761353,0.5941140482512107,False
FC12CCC(CSC1)N2c1nc(-c2cccnc2)nc(C2CC2N2C3COCN2C(=C2CC2)C3)n1,JMSKUMVHCPRQAL-UHFFFAOYSA-N,13,1.1134641929071643,0.994390070438385,0.5953706123438961,False
NC1COCCN1C1CC1c1nc(-c2cccnc2)nc(-c2cncc(C3CCOCC3)c2)n1,MVZWUJZVNADYPV-UHFFFAOYSA-N,9,1.1129185120611698,0.990064799785614,0.6142685613777783,False
CNC(=O)Nc1ccc(-c2nc(N3CCOCC3)c3cnn(C4CCN(C(=O)OC)CC4)c3n2)cc1,HRGYHCLHXQJDHS-UHFFFAOYSA-N,3,1.1122925560429957,0.9989916682243347,0.5665044390933052,False
