assumed_host_to_guest_total_ratio,assumed_kd_to_guest_total_ratio,equilibrium_free_guest_fraction
0,1,1.0
0,0.1,1.0
0,0.01,1.0
0,0.001,1.0
0,1e-06,1.0
0.25,1,0.8827822185373186
0.25,0.1,0.7784589286804264
0.25,0.01,0.753275357934736
0.25,0.001,0.7503327420542282
0.25,1e-06,0.7500003333327407
0.5,1,0.7807764064044151
0.5,0.1,0.5741657386773942
0.5,0.01,0.5096223724479849
0.5,0.001,0.5009960238254275
0.5,1e-06,0.500000999996
1,1,0.6180339887498949
1,0.1,0.2701562118716425
1,0.01,0.09512492197250388
1,0.001,0.03112672920173687
1,1e-06,0.0009995001249999413
1.2,1,0.5661903789690601
1.2,0.1,0.20000000000000018
1.2,0.01,0.040000000000000036
1.2,0.001,0.0048577239693418095
1.2,1e-06,4.999850008347018e-06
2,1,0.41421356237309503
2,0.1,0.08442887702247603
2,0.01,0.009805788623243883
2,0.001,0.0009980059780895223
2,1e-06,9.99998000072999e-07
