model_id,illustrative_guest_total_M,host_to_guest_total_ratio,free_host_M,free_guest_monomer_M,guest_not_host_captured_fraction,host_mass_residual_M,guest_mass_residual_M
receptor2_published_NMR,1e-06,0,0.0,9.999879490987322e-07,1.0,0.0,0.0
receptor6_published_NMR,1e-06,0,0.0,9.999879490987322e-07,1.0,0.0,0.0
receptor2_11_species_only,1e-06,0,0.0,9.999999999999997e-07,1.0,0.0,-2.117582368135751e-22
incorrect_BC500_as_Kd,1e-06,0,0.0,9.999999999999997e-07,1.0,0.0,-2.117582368135751e-22
receptor2_published_NMR,1e-06,0.25,2.25065067763162e-07,9.838610242026324e-07,0.9838726895455029,-5.293955920339377e-23,2.117582368135751e-22
receptor6_published_NMR,1e-06,0.25,2.3033108118654236e-07,9.803167130711052e-07,0.9803282945177123,5.293955920339377e-23,0.0
receptor2_11_species_only,1e-06,0.25,2.3713604304327836e-07,9.871360430432785e-07,0.9871360430432784,0.0,2.117582368135751e-22
incorrect_BC500_as_Kd,1e-06,0.25,2.0373570924792802e-07,9.537357092479284e-07,0.9537357092479282,-5.293955920339377e-23,2.117582368135751e-22
receptor2_published_NMR,1e-06,0.5,4.309930146286191e-07,9.629722947097662e-07,0.9629834699683347,-1.0587911840678754e-22,0.0
receptor6_published_NMR,1e-06,0.5,4.6136461032944244e-07,9.6134810482145e-07,0.9613592424144799,0.0,2.117582368135751e-22
receptor2_11_species_only,1e-06,0.5,4.7458263572265927e-07,9.745826357226595e-07,0.9745826357226592,0.0,2.117582368135751e-22
incorrect_BC500_as_Kd,1e-06,0.5,4.1088753845570474e-07,9.108875384557047e-07,0.9108875384557047,1.0587911840678754e-22,0.0
receptor2_published_NMR,1e-06,1,8.040364603521935e-07,9.127857036499939e-07,0.912795744434686,0.0,2.117582368135751e-22
receptor6_published_NMR,1e-06,1,9.254046262689231e-07,9.253843299495839e-07,0.9253946498208034,2.117582368135751e-22,0.0
receptor2_11_species_only,1e-06,1,9.503657407771503e-07,9.503657407771503e-07,0.9503657407771502,0.0,0.0
incorrect_BC500_as_Kd,1e-06,1,8.342801502242422e-07,8.342801502242422e-07,0.8342801502242421,2.117582368135751e-22,2.117582368135751e-22
receptor2_published_NMR,1e-06,2,1.4604408157440464e-06,8.001996645289569e-07,0.8002073811420518,4.235164736271502e-22,0.0
receptor6_published_NMR,1e-06,2,1.8605396960682275e-06,8.605134281624375e-07,0.8605223518693759,0.0,2.117582368135751e-22
receptor2_11_species_only,1e-06,2,1.9052232952778347e-06,9.052232952778346e-07,0.9052232952778344,4.235164736271502e-22,2.117582368135751e-22
incorrect_BC500_as_Kd,1e-06,2,1.7105890714493697e-06,7.105890714493695e-07,0.7105890714493694,4.235164736271502e-22,0.0
receptor2_published_NMR,1e-06,4,2.6155369526774264e-06,5.927175639306803e-07,0.5927217976843815,0.0,2.117582368135751e-22
receptor6_published_NMR,1e-06,4,3.7536097488458955e-06,7.535760701465048e-07,0.7535829137398224,0.0,2.117582368135751e-22
receptor2_11_species_only,1e-06,4,3.8262627433450645e-06,8.262627433450637e-07,0.8262627433450638,8.470329472543003e-22,0.0
incorrect_BC500_as_Kd,1e-06,4,3.5424630354415966e-06,5.424630354415961e-07,0.542463035441596,8.470329472543003e-22,2.117582368135751e-22
receptor2_published_NMR,1e-06,8,4.667553010130181e-06,3.3478039908038004e-07,0.3347817497528286,1.6940658945086007e-21,2.117582368135751e-22
receptor6_published_NMR,1e-06,8,7.601651828684562e-06,6.01612829750185e-07,0.6016171915343772,0.0,0.0
receptor2_11_species_only,1e-06,8,7.702597879631002e-06,7.025978796310003e-07,0.7025978796310002,1.6940658945086007e-21,0.0
incorrect_BC500_as_Kd,1e-06,8,7.36322060635023e-06,3.6322060635022967e-07,0.36322060635023035,0.0,-6.352747104407253e-22
receptor2_published_NMR,1e-06,16,8.086693725391426e-06,1.5062787049739217e-07,0.15062814392393353,2.0328790734103208e-20,-4.235164736271502e-22
receptor6_published_NMR,1e-06,16,1.5426698724802922e-05,4.266611769503309e-07,0.4266633707463777,6.776263578034403e-21,1.0587911840678754e-21
receptor2_11_species_only,1e-06,16,1.5539388032218568e-05,5.393880322185655e-07,0.5393880322185655,3.3881317890172014e-21,0.0
incorrect_BC500_as_Kd,1e-06,16,1.521631295344642e-05,2.163129534464215e-07,0.2163129534464202,0.0,1.2705494208814505e-21
receptor2_published_NMR,1e-05,0,0.0,9.998795171202817e-06,1.0,0.0,1.6940658945086007e-21
receptor6_published_NMR,1e-05,0,0.0,9.998795171202817e-06,1.0,0.0,1.6940658945086007e-21
receptor2_11_species_only,1e-05,0,0.0,9.999999999999999e-06,1.0,0.0,-1.6940658945086007e-21
incorrect_BC500_as_Kd,1e-05,0,0.0,9.999999999999999e-06,1.0,0.0,-1.6940658945086007e-21
receptor2_published_NMR,1e-05,0.25,8.804677386743237e-07,9.008424274063669e-06,0.9009402248854116,2.117582368135751e-21,0.0
receptor6_published_NMR,1e-05,0.25,1.4072001585807514e-06,8.904839765935614e-06,0.8905795379298211,0.0,-1.6940658945086007e-21
receptor2_11_species_only,1e-05,0.25,1.6627528555837507e-06,9.162752855583753e-06,0.9162752855583751,0.0,1.6940658945086007e-21
incorrect_BC500_as_Kd,1e-05,0.25,8.374883177468066e-07,8.337488317746809e-06,0.8337488317746807,-1.2705494208814505e-21,0.0
receptor2_published_NMR,1e-05,0.5,1.4565706680908253e-06,8.00854959063191e-06,0.8009322516307067,0.0,-1.6940658945086007e-21
receptor6_published_NMR,1e-05,0.5,2.952986895012376e-06,7.949875716871368e-06,0.7950637358501947,-2.541098841762901e-21,1.6940658945086007e-21
receptor2_11_species_only,1e-05,0.5,3.418497563725506e-06,8.418497563725508e-06,0.8418497563725506,8.470329472543003e-22,1.6940658945086007e-21
incorrect_BC500_as_Kd,1e-05,0.5,1.8930732322991695e-06,6.893073232299172e-06,0.689307323229917,8.470329472543003e-22,1.6940658945086007e-21
receptor2_published_NMR,1e-05,1,2.496598752003088e-06,6.126034545248491e-06,0.6126486805977728,2.0328790734103208e-20,1.6940658945086007e-21
receptor6_published_NMR,1e-05,1,6.414812521383095e-06,6.410997992641623e-06,0.6411493307410345,1.6940658945086007e-21,0.0
receptor2_11_species_only,1e-05,1,7.172723879145511e-06,7.172723879145511e-06,0.7172723879145512,-1.6940658945086007e-21,-1.6940658945086007e-21
incorrect_BC500_as_Kd,1e-05,1,4.712488532100439e-06,4.712488532100439e-06,0.47124885321004384,1.6940658945086007e-21,1.6940658945086007e-21
receptor2_published_NMR,1e-05,2,4.88433653640625e-06,3.161094923869596e-06,0.316121534565737,-1.0164395367051604e-20,-3.3881317890172014e-21
receptor6_published_NMR,1e-05,2,1.4431356887111055e-05,4.427559119986524e-06,0.44277953628692934,0.0,0.0
receptor2_11_species_only,1e-05,2,1.5414002187721465e-05,5.414002187721468e-06,0.5414002187721458,6.776263578034403e-21,8.470329472543003e-21
incorrect_BC500_as_Kd,1e-05,2,1.2513012014972205e-05,2.513012014972206e-06,0.25130120149722035,0.0,1.6940658945086007e-21
receptor2_published_NMR,1e-05,4,1.090309402917168e-05,9.056369132992487e-07,0.09056467974241955,6.776263578034403e-21,1.3552527156068805e-20
receptor6_published_NMR,1e-05,4,3.260567121199769e-05,2.6028087192760623e-06,0.260289036143892,0.0,5.082197683525802e-21
receptor2_11_species_only,1e-05,4,3.3518664190035816e-05,3.518664190035809e-06,0.35186641900358073,6.776263578034403e-21,1.6940658945086007e-21
incorrect_BC500_as_Kd,1e-05,4,3.118688054316538e-05,1.1868805431653657e-06,0.1186880543165375,6.776263578034403e-21,-1.0164395367051604e-20
receptor2_published_NMR,1e-05,8,2.0356759138695888e-05,2.854250656793392e-07,0.028542604745939837,1.3552527156068805e-20,1.6940658945086007e-20
receptor6_published_NMR,1e-05,8,7.13867819704284e-05,1.3850348446570867e-06,0.13850579627175208,0.0,-1.6940658945086007e-21
receptor2_11_species_only,1e-05,8,7.201709140672546e-05,2.0170914067254508e-06,0.20170914067254397,1.3552527156068805e-20,1.1858461261560205e-20
incorrect_BC500_as_Kd,1e-05,8,7.056178434434568e-05,5.617843443456621e-07,0.05617843443456705,0.0,-8.470329472543003e-21
receptor2_published_NMR,1e-05,16,3.265189285875012e-05,1.1431007619966777e-07,0.011431023367009518,4.607859233063394e-19,5.082197683525802e-21
receptor6_published_NMR,1e-05,16,0.00015070872687672515,7.077704031162956e-07,0.07077764400275066,2.710505431213761e-20,3.8963515573697816e-20
receptor2_11_species_only,1e-05,16,0.00015107501571281302,1.075015712813017e-06,0.10750157128130111,0.0,5.082197683525802e-21
incorrect_BC500_as_Kd,1e-05,16,0.00015027189412183213,2.7189412183212205e-07,0.02718941218320947,2.710505431213761e-20,2.710505431213761e-20
receptor2_published_NMR,0.0001,0,0.0,9.987977767306658e-05,1.0,0.0,1.3552527156068805e-20
receptor6_published_NMR,0.0001,0,0.0,9.987977767306658e-05,1.0,0.0,1.3552527156068805e-20
receptor2_11_species_only,0.0001,0,0.0,9.999999999999999e-05,1.0,0.0,-1.3552527156068805e-20
incorrect_BC500_as_Kd,0.0001,0,0.0,9.999999999999999e-05,1.0,0.0,-1.3552527156068805e-20
receptor2_published_NMR,0.0001,0.25,1.1607818544320325e-06,8.533536939881587e-05,0.8542312768658973,-6.776263578034403e-20,1.3552527156068805e-20
receptor6_published_NMR,0.0001,0.25,3.18141764429879e-06,7.786551595243479e-05,0.7793858279271133,-2.371692252312041e-20,0.0
receptor2_11_species_only,0.0001,0.25,4.649381682879737e-06,7.964938168287974e-05,0.7964938168287974,3.3881317890172014e-21,0.0
incorrect_BC500_as_Kd,0.0001,0.25,1.3042785048214766e-06,7.630427850482144e-05,0.7630427850482149,-6.776263578034403e-21,-4.0657581468206416e-20
receptor2_published_NMR,0.0001,0.5,1.8738860218186654e-06,7.231842308130408e-05,0.7238145026347246,8.131516293641283e-20,0.0
receptor6_published_NMR,0.0001,0.5,8.224280651853927e-06,5.7837614360811324e-05,0.5787792788244682,6.776263578034403e-21,1.3552527156068805e-20
receptor2_11_species_only,0.0001,0.5,1.1426855939771248e-05,6.14268559397713e-05,0.614268559397713,-4.743384504624082e-20,-1.3552527156068805e-20
incorrect_BC500_as_Kd,0.0001,0.5,3.6312544488506026e-06,5.3631254448850663e-05,0.5363125444885065,-5.421010862427522e-20,1.3552527156068805e-20
receptor2_published_NMR,0.0001,1,3.379032281801055e-06,4.777328363116328e-05,0.47800787904891584,1.3552527156068805e-20,0.0
receptor6_published_NMR,0.0001,1,2.8703525129363245e-05,2.8402301041467e-05,0.2841202262580631,1.3552527156068805e-20,-4.0657581468206416e-20
receptor2_11_species_only,0.0001,1,3.451896513126027e-05,3.4518965131260187e-05,0.3451896513126027,0.0,-8.131516293641283e-20
incorrect_BC500_as_Kd,0.0001,1,1.850121355648738e-05,1.8501213556487406e-05,0.18501213556487373,1.3552527156068805e-20,4.0657581468206416e-20
receptor2_published_NMR,0.0001,2,1.1089199049106192e-05,8.789366932371033e-06,0.08790297922736368,3.5236570605778894e-19,1.0842021724855044e-19
receptor6_published_NMR,0.0001,2,0.00010958470497793408,9.460160579969366e-06,0.09461239097012164,1.8973538018496328e-19,1.7618285302889447e-19
receptor2_11_species_only,0.0001,2,0.0001137872561014579,1.3787256101458053e-05,0.13787256101457712,1.8973538018496328e-19,3.3881317890172014e-19
incorrect_BC500_as_Kd,0.0001,2,0.00010388580177152061,3.885801771520614e-06,0.03885801771520725,-1.3552527156068805e-19,-1.0842021724855044e-19
receptor2_published_NMR,0.0001,4,3.971759192014785e-05,7.782894091526358e-07,0.007782967089741466,-2.168404344971009e-19,-6.776263578034403e-20
receptor6_published_NMR,0.0001,4,0.00030369004780887916,3.6392527142179096e-06,0.036394123221330066,5.421010862427522e-20,9.486769009248164e-20
receptor2_11_species_only,0.0001,4,0.00030561954246229365,5.619542462293829e-06,0.056195424622936474,0.0,1.7618285302889447e-19
incorrect_BC500_as_Kd,0.0001,4,0.00030137446041605736,1.3744604160575014e-06,0.013744604160573659,0.0,1.3552527156068805e-19
receptor2_published_NMR,0.0001,8,6.716955758356903e-05,2.7542727837072387e-07,0.002754281925765656,-2.8189256484623115e-18,-2.0328790734103208e-19
receptor6_published_NMR,0.0001,8,0.0007016322275308327,1.609319580224586e-06,0.01609350791720543,1.0842021724855044e-19,9.486769009248164e-20
receptor2_11_species_only,0.0001,8,0.0007025248310216332,2.524831021632967e-06,0.025248310216330117,1.0842021724855044e-19,-4.0657581468206416e-20
incorrect_BC500_as_Kd,0.0001,8,0.0007005959171864624,5.95917186462481e-07,0.005959171864622137,2.168404344971009e-19,2.710505431213761e-19
receptor2_published_NMR,0.0001,16,9.586731303852207e-05,1.3581439439519455e-07,0.0013581461668612516,-5.637851296924623e-18,-8.131516293641283e-20
receptor6_published_NMR,0.0001,16,0.001500769962375175,7.590692169325161e-07,0.00759076160661154,2.168404344971009e-19,2.439454888092385e-19
receptor2_11_species_only,0.0001,16,0.0015011976485832853,1.1976485832851794e-06,0.011976485832849715,2.168404344971009e-19,2.0328790734103208e-19
incorrect_BC500_as_Kd,0.0001,16,0.00150027916637823,2.791663782298007e-07,0.0027916637822962276,2.168404344971009e-19,1.7618285302889447e-19
