compound_name,inchikey,target_id,target_symbol,hallmark,relation,grade,curator_grade,provenance,document_ids,notes,compound_id,source_url,source_title,species,sex,study_design,endpoint,comparator,effect_estimate,uncertainty,source_locator,evidence_basis,source_review_status,intervention_components,attribution_scope,target_source_url
Rapamycin,QFJCIRLUMZQUOT-HPLJOQBZSA-N,CHEMBL2842,MTOR,nutrient_sensing,inhibits,E4,E4,ITP replicated lifespan,PMID:19587680,Replicated mammalian lifespan extension in male and female mice across multiple testing centers (NIA ITP),pubchem:5284616,https://pubmed.ncbi.nlm.nih.gov/19587680/,Rapamycin fed late in life extends lifespan in genetically heterogeneous mice,Mus musculus,male and female,late-life intervention across multiple testing sites,lifespan,control-fed mice,,,PMID:19587680,mammalian_lifespan,source_reviewed_with_claim_limits,Rapamycin,single_compound,
Rapamycin,QFJCIRLUMZQUOT-HPLJOQBZSA-N,CHEMBL2842,MTOR,autophagy,activates,E0,E3,In vivo autophagic flux,PMID:20542383,Drives neuronal and hepatic macroautophagy flux in aged murine models,pubchem:5284616,https://pubmed.ncbi.nlm.nih.gov/20542383/,,,,,,,,,PMID:20542383,unclassified_claim,claim_support_unreviewed,Rapamycin,single_compound,
Rapamycin,QFJCIRLUMZQUOT-HPLJOQBZSA-N,CHEMBL2842,MTOR,cellular_senescence,inhibits,E0,E3,SASP suppression in mice,PMID:26140592,Suppresses SASP secretion and senescent paracrine signaling via 4E-BP1/MAPKAPK2,pubchem:5284616,https://pubmed.ncbi.nlm.nih.gov/26140592/,,,,,,,,,PMID:26140592,unclassified_claim,claim_support_unreviewed,Rapamycin,single_compound,
Rapamycin,QFJCIRLUMZQUOT-HPLJOQBZSA-N,CHEMBL2842,MTOR,proteostasis,enhances,E0,E2,In vitro chaperone/UPR assays,PMID:24095454,Reduces proteotoxic stress and aggregation in cellular models of proteinopathy,pubchem:5284616,https://pubmed.ncbi.nlm.nih.gov/24095454/,,,,,,,,,PMID:24095454,unclassified_claim,claim_support_unreviewed,Rapamycin,single_compound,
Rapamycin,QFJCIRLUMZQUOT-HPLJOQBZSA-N,CHEMBL2842,MTOR,stem_cell_exhaustion,rescues,E0,E3,Hematopoietic stem cells,PMID:19864835,Restores self-renewal capacity and function of aged hematopoietic stem cells,pubchem:5284616,https://pubmed.ncbi.nlm.nih.gov/19864835/,,,,,,,,,PMID:19864835,unclassified_claim,claim_support_unreviewed,Rapamycin,single_compound,
Dasatinib,ZBNZXTGUTAYRHI-UHFFFAOYSA-N,CHEMBL2814,SRC,cellular_senescence,inhibits,E0,E3,D+Q mouse clearance,PMID:28826136,Combined with Quercetin clears p16Ink4a+ senescent cells and extends median post-treatment lifespan,pubchem:3062316,https://pubmed.ncbi.nlm.nih.gov/28826136/,,,,,,,,,PMID:28826136,unclassified_claim,claim_support_unreviewed,Dasatinib + quercetin,combination,
Dasatinib,ZBNZXTGUTAYRHI-UHFFFAOYSA-N,CHEMBL2814,SRC,chronic_inflammation,inhibits,E0,E3,Murine SASP suppression,PMID:30953051,"Reduces systemic SASP circulating cytokines (IL-6, TNF-alpha) in aged mice",pubchem:3062316,https://pubmed.ncbi.nlm.nih.gov/30953051/,,,,,,,,,PMID:30953051,unclassified_claim,claim_support_unreviewed,Dasatinib,single_compound,
Dasatinib,ZBNZXTGUTAYRHI-UHFFFAOYSA-N,CHEMBL2814,SRC,cellular_senescence,inhibits,E0,E2,In vitro senolysis selectivity,PMID:25754376,"Selectively induces apoptosis in senescent human preadipocytes, but lacks efficacy in senescent HUVECs alone",pubchem:3062316,https://pubmed.ncbi.nlm.nih.gov/25754376/,,,,,,,,,PMID:25754376,unclassified_claim,claim_support_unreviewed,Dasatinib,single_compound,
Dasatinib,ZBNZXTGUTAYRHI-UHFFFAOYSA-N,CHEMBL219,EPHA2,intercellular_communication,inhibits,E0,E1,ChEMBL binding assay,CHEMBL768913,Ephrin receptor tyrosine kinase binding with sub-nanomolar affinity,pubchem:3062316,https://www.ebi.ac.uk/chembl/explore/assay/CHEMBL768913,,,,,,,,,CHEMBL768913,unclassified_claim,claim_support_unreviewed,Dasatinib,single_compound,
Quercetin,REFJWTPEDVJJIY-UHFFFAOYSA-N,,,cellular_senescence,inhibits,E0,E3,D+Q mouse clearance,PMID:28826136,Synergizes with Dasatinib to clear senescent cells and reduce frailty in aged mice,pubchem:5280343,https://pubmed.ncbi.nlm.nih.gov/28826136/,,,,,,,,,PMID:28826136,unclassified_claim,claim_support_unreviewed,Dasatinib + quercetin,combination,
Quercetin,REFJWTPEDVJJIY-UHFFFAOYSA-N,,,chronic_inflammation,inhibits,E0,E2,In vitro NF-kB assay,PMID:27038166,Inhibits NF-kB p65 nuclear translocation and SASP cytokine expression in cell culture,pubchem:5280343,https://pubmed.ncbi.nlm.nih.gov/27038166/,,,,,,,,,PMID:27038166,unclassified_claim,claim_support_unreviewed,Quercetin,single_compound,
Quercetin,REFJWTPEDVJJIY-UHFFFAOYSA-N,CHEMBL4203,SIRT1,nutrient_sensing,activates,E0,E1,Single paper in vitro,PMID:16443825,Modest in vitro activation of SIRT1 deacetylase activity at micromolar concentrations,pubchem:5280343,https://pubmed.ncbi.nlm.nih.gov/16443825/,,,,,,,,,PMID:16443825,unclassified_claim,claim_support_unreviewed,Quercetin,single_compound,
Quercetin,REFJWTPEDVJJIY-UHFFFAOYSA-N,,,mitochondrial_dysfunction,mitigates,E0,E1,ChEMBL assay,CHEMBL1768407,In vitro protection against hydrogen peroxide-induced mitochondrial ROS,pubchem:5280343,https://www.ebi.ac.uk/chembl/explore/assay/CHEMBL1768407,,,,,,,,,CHEMBL1768407,unclassified_claim,claim_support_unreviewed,Quercetin,single_compound,
Fisetin,XHEFDIBZLJXQHF-UHFFFAOYSA-N,,,cellular_senescence,inhibits,E0,E3,Murine lifespan hit,PMID:30279143,Reduces senescent cell burden and extends median lifespan in late-life treated wild-type mice,pubchem:5281614,https://pubmed.ncbi.nlm.nih.gov/30279143/,,,,,,,,,PMID:30279143,unclassified_claim,claim_support_unreviewed,Fisetin,single_compound,
Fisetin,XHEFDIBZLJXQHF-UHFFFAOYSA-N,,,chronic_inflammation,inhibits,E0,E3,Aged mouse SASP,PMID:30279143,Lowers tissue SASP expression and circulating pro-inflammatory markers in aged mice,pubchem:5281614,https://pubmed.ncbi.nlm.nih.gov/30279143/,,,,,,,,,PMID:30279143,unclassified_claim,claim_support_unreviewed,Fisetin,single_compound,
Fisetin,XHEFDIBZLJXQHF-UHFFFAOYSA-N,,,autophagy,induces,E0,E1,In vitro LC3 lipidation,PMID:29704257,Induces autophagosome formation and LC3-II accumulation in cultured cortical neurons,pubchem:5281614,https://pubmed.ncbi.nlm.nih.gov/29704257/,,,,,,,,,PMID:29704257,unclassified_claim,claim_support_unreviewed,Fisetin,single_compound,
Metformin,XZWYZXLIPXDOLR-UHFFFAOYSA-N,,,nutrient_sensing,activates,E1,E1,Human epidemiological & clinical,PMID:25041462;PMID:28802803,Observational association with all-cause mortality in diabetic cohorts; confounding and comparator choice limit causal interpretation. TAME registration/design is not a positive outcome result.,pubchem:4091,https://pubmed.ncbi.nlm.nih.gov/25041462/;https://pubmed.ncbi.nlm.nih.gov/28802803/,Human observational evidence and meta-analysis of metformin-associated mortality,Homo sapiens,,observational cohorts and systematic review/meta-analysis,all-cause mortality association,,,,PMID:25041462;PMID:28802803,human_observational,source_reviewed_with_claim_limits,Metformin,single_compound,
Metformin,XZWYZXLIPXDOLR-UHFFFAOYSA-N,CHEMBL376,PRKAA1,mitochondrial_dysfunction,inhibits,E0,E3,Mitochondrial complex I in vivo,PMID:10839993,"Mild, specific inhibition of mitochondrial respiratory chain complex I in murine hepatocytes",pubchem:4091,https://pubmed.ncbi.nlm.nih.gov/10839993/,,,,,,,,,PMID:10839993,unclassified_claim,claim_support_unreviewed,Metformin,single_compound,
Metformin,XZWYZXLIPXDOLR-UHFFFAOYSA-N,CHEMBL376,PRKAA1,autophagy,activates,E0,E3,In vivo hepatic flux,PMID:21303889,Restores autophagic flux in aged rodent liver through AMPK-dependent ULK1 phosphorylation,pubchem:4091,https://pubmed.ncbi.nlm.nih.gov/21303889/,,,,,,,,,PMID:21303889,unclassified_claim,claim_support_unreviewed,Metformin,single_compound,
Metformin,XZWYZXLIPXDOLR-UHFFFAOYSA-N,CHEMBL376,PRKAA1,chronic_inflammation,inhibits,E0,E3,In vivo cytokine reduction,PMID:23708518,Suppresses NF-kB and circulating inflammatory biomarkers in aged murine models,pubchem:4091,https://pubmed.ncbi.nlm.nih.gov/23708518/,,,,,,,,,PMID:23708518,unclassified_claim,claim_support_unreviewed,Metformin,single_compound,
Metformin,XZWYZXLIPXDOLR-UHFFFAOYSA-N,CHEMBL376,PRKAA1,epigenetic_alteration,modulates,E0,E1,DNA methylation clock study,PMID:32130836,Alters epigenetic clock acceleration in human PBMCs (correlative biomarker only),pubchem:4091,https://pubmed.ncbi.nlm.nih.gov/32130836/,,,,,,,,,PMID:32130836,unclassified_claim,claim_support_unreviewed,Metformin,single_compound,
Spermidine,ATHGHQPFGPMSJY-UHFFFAOYSA-N,CHEMBL1201509,EP300,autophagy,activates,E0,E3,Murine lifespan & cardiac rescue,PMID:27841876,Extends lifespan in mice and improves cardiac function through macroautophagy induction,pubchem:1102,https://pubmed.ncbi.nlm.nih.gov/27841876/,,,,,,,,,PMID:27841876,unclassified_claim,claim_support_unreviewed,Spermidine,single_compound,
Spermidine,ATHGHQPFGPMSJY-UHFFFAOYSA-N,CHEMBL1201509,EP300,proteostasis,enhances,E0,E3,T-cell translation in mice,PMID:33005886,Enhances hypusination of eIF5A and translation of autophagy-related proteins in aged mice,pubchem:1102,https://pubmed.ncbi.nlm.nih.gov/33005886/,,,,,,,,,PMID:33005886,unclassified_claim,claim_support_unreviewed,Spermidine,single_compound,
Spermidine,ATHGHQPFGPMSJY-UHFFFAOYSA-N,CHEMBL1201509,EP300,intercellular_communication,modulates,E0,E2,In vitro immune synapse,PMID:30472097,Reverses age-related B-cell defects in primary cell cultures,pubchem:1102,https://pubmed.ncbi.nlm.nih.gov/30472097/,,,,,,,,,PMID:30472097,unclassified_claim,claim_support_unreviewed,Spermidine,single_compound,
Spermidine,ATHGHQPFGPMSJY-UHFFFAOYSA-N,CHEMBL1201509,EP300,nutrient_sensing,inhibits,E0,E2,EP300 acetyltransferase assay,PMID:25439502,Direct inhibition of EP300 acetyltransferase activity inducing autophagic flux,pubchem:1102,https://pubmed.ncbi.nlm.nih.gov/25439502/,,,,,,,,,PMID:25439502,unclassified_claim,claim_support_unreviewed,Spermidine,single_compound,
17alpha-estradiol,VOXZDWNPVJITMN-SFFUCWETSA-N,CHEMBL246,ESR1,nutrient_sensing,modulates,E4,E4,ITP male lifespan,PMID:24245565;PMID:33788371,Male-specific median lifespan benefit reported in the ITP and late-start study; no female lifespan benefit was reported. The cited sources do not support a maximum-lifespan claim.,pubchem:68570,https://pubmed.ncbi.nlm.nih.gov/24245565/;https://pubmed.ncbi.nlm.nih.gov/33788371/,"Acarbose, 17-α-estradiol, and nordihydroguaiaretic acid extend mouse lifespan preferentially in males; late-start 17α-estradiol intervention",Mus musculus,male benefit; no female benefit reported,multi-site ITP and late-start intervention,median lifespan,control-fed mice,Males: +19% median lifespan when started at 16 months; +11% when started at 20 months in the late-start study,,PMID:24245565;PMID:33788371,mammalian_lifespan,source_reviewed_with_claim_limits,17alpha-estradiol,single_compound,
17alpha-estradiol,VOXZDWNPVJITMN-SFFUCWETSA-N,CHEMBL246,ESR1,chronic_inflammation,inhibits,E0,E3,In vivo neuroinflammation,PMID:30139981,Suppresses hypothalamic and adipose tissue inflammaging and microglial activation in male mice,pubchem:68570,https://pubmed.ncbi.nlm.nih.gov/30139981/,,,,,,,,,PMID:30139981,unclassified_claim,claim_support_unreviewed,17alpha-estradiol,single_compound,
17alpha-estradiol,VOXZDWNPVJITMN-SFFUCWETSA-N,CHEMBL246,ESR1,mitochondrial_dysfunction,mitigates,E0,E2,Brain bioenergetics assay,PMID:26760636,Improves brain mitochondrial respiration and reduces oxidative stress in aged rodent brain,pubchem:68570,https://pubmed.ncbi.nlm.nih.gov/26760636/,,,,,,,,,PMID:26760636,unclassified_claim,claim_support_unreviewed,17alpha-estradiol,single_compound,
Navitoclax,JLYAXFNOILIKPP-KXQOOQHDSA-N,CHEMBL444141,BCL2,cellular_senescence,inhibits,E0,E2,Senolytic selectivity in vitro,PMID:26711582,Induces apoptosis in senescent IMR90 and HUVEC cells with >5x selectivity over proliferating cells,pubchem:24978538,https://pubmed.ncbi.nlm.nih.gov/26711582/,,,,,,,,,PMID:26711582,unclassified_claim,claim_support_unreviewed,Navitoclax,single_compound,
Navitoclax,JLYAXFNOILIKPP-KXQOOQHDSA-N,CHEMBL2047,BCL2L1,cellular_senescence,inhibits,E0,E2,Target engagement BCL-xL,PMID:18698246,High-affinity nanomolar inhibition of BCL-xL and BCL-2 displacing BH3 pro-apoptotic peptides,pubchem:24978538,https://pubmed.ncbi.nlm.nih.gov/18698246/,,,,,,,,,PMID:18698246,unclassified_claim,claim_support_unreviewed,Navitoclax,single_compound,
Navitoclax,JLYAXFNOILIKPP-KXQOOQHDSA-N,CHEMBL2047,BCL2L1,stem_cell_exhaustion,rescues,E0,E3,Bone marrow senolysis in mice,PMID:26711582,Eliminates senescent bone marrow hematopoietic stem cells in sublethally irradiated mice,pubchem:24978538,https://pubmed.ncbi.nlm.nih.gov/26711582/,,,,,,,,,PMID:26711582,unclassified_claim,claim_support_unreviewed,Navitoclax,single_compound,
Resveratrol,LUKBXSAWLPMMSZ-OWOJBTEDSA-N,CHEMBL4203,SIRT1,nutrient_sensing,activates,E0,E3,Murine metabolic healthspan,PMID:17086191,Shifts physiology towards that of standard diet in high-fat fed mice; note: failed standard ITP lifespan,pubchem:445154,https://pubmed.ncbi.nlm.nih.gov/17086191/,,,,,,,,,PMID:17086191,unclassified_claim,claim_support_unreviewed,Resveratrol,single_compound,
Resveratrol,LUKBXSAWLPMMSZ-OWOJBTEDSA-N,CHEMBL4203,SIRT1,mitochondrial_dysfunction,enhances,E0,E3,Mitochondrial biogenesis in mice,PMID:17112576,Increases mitochondrial biogenesis and aerobic capacity via PGC-1alpha deacetylation in mice,pubchem:445154,https://pubmed.ncbi.nlm.nih.gov/17112576/,,,,,,,,,PMID:17112576,unclassified_claim,claim_support_unreviewed,Resveratrol,single_compound,
Resveratrol,LUKBXSAWLPMMSZ-OWOJBTEDSA-N,CHEMBL4203,SIRT1,autophagy,induces,E0,E2,In vitro starvation model,PMID:20543254,Promotes autophagosome formation in mammalian cell lines independent of SIRT1 in certain lines,pubchem:445154,https://pubmed.ncbi.nlm.nih.gov/20543254/,,,,,,,,,PMID:20543254,unclassified_claim,claim_support_unreviewed,Resveratrol,single_compound,
Nicotinamide mononucleotide,DAYLJWODMCOQEW-TURQNECASA-N,CHEMBL429815,NAMPT,nutrient_sensing,enhances,E0,E3,Mouse NAD+ restoration,PMID:27797883,Long-term administration mitigates age-associated physiological decline in wild-type mice,pubchem:14180,https://pubmed.ncbi.nlm.nih.gov/27797883/,,,,,,,,,PMID:27797883,unclassified_claim,claim_support_unreviewed,Nicotinamide mononucleotide,single_compound,
Nicotinamide mononucleotide,DAYLJWODMCOQEW-TURQNECASA-N,CHEMBL429815,NAMPT,mitochondrial_dysfunction,mitigates,E0,E3,Mitochondrial OXPHOS rescue,PMID:24360282,Reverses mitochondrial dysfunction in skeletal muscle of aged mice within 1 week,pubchem:14180,https://pubmed.ncbi.nlm.nih.gov/24360282/,,,,,,,,,PMID:24360282,unclassified_claim,claim_support_unreviewed,Nicotinamide mononucleotide,single_compound,
Nicotinamide riboside,JLEBZPBDRKPWTD-TURQNECASA-O,CHEMBL1926673,NMRK1,nutrient_sensing,enhances,E0,E3,NAD+ and mitochondrial healthspan,PMID:27127236,Replenishes NAD+ and improves muscle stem cell function and mouse healthspan,pubchem:439924,https://pubmed.ncbi.nlm.nih.gov/27127236/,,,,,,,,,PMID:27127236,unclassified_claim,claim_support_unreviewed,Nicotinamide riboside,single_compound,
Nicotinamide riboside,JLEBZPBDRKPWTD-TURQNECASA-O,CHEMBL1926673,NMRK1,stem_cell_exhaustion,rescues,E0,E3,Muscle stem cell rejuvenation,PMID:27127236,Prevents exhaustion of aged muscle stem cells (MuSCs) in mice,pubchem:439924,https://pubmed.ncbi.nlm.nih.gov/27127236/,,,,,,,,,PMID:27127236,unclassified_claim,claim_support_unreviewed,Nicotinamide riboside,single_compound,
Nicotinamide riboside,JLEBZPBDRKPWTD-TURQNECASA-O,CHEMBL1926673,NMRK1,mitochondrial_dysfunction,mitigates,E0,E2,Human biomarker trial,PMID:29599478,Increases whole-blood NAD+ metabolome and lowers blood pressure in small human pilot study,pubchem:439924,https://pubmed.ncbi.nlm.nih.gov/29599478/,,,,,,,,,PMID:29599478,unclassified_claim,claim_support_unreviewed,Nicotinamide riboside,single_compound,
Acarbose,CEMXHAPUFJOOSV-XGWNLRGSSA-N,CHEMBL1613,MGAM,nutrient_sensing,inhibits,E4,E4,ITP male lifespan,PMID:24245565;PMID:30688027,Mouse lifespan benefit was sex- and dose-dependent: higher-dose groups showed larger median-lifespan effects in males than females. Do not interpret this as a human outcome.,pubchem:9811704,https://pubmed.ncbi.nlm.nih.gov/24245565/;https://pubmed.ncbi.nlm.nih.gov/30688027/,"Acarbose, 17-α-estradiol, and nordihydroguaiaretic acid extend mouse lifespan preferentially in males; Acarbose improves health and lifespan in genetically heterogeneous mice",Mus musculus,male and female; magnitude differed by sex,multi-site ITP mouse lifespan studies,median lifespan,control-fed mice,Higher-dose groups: approximately +16–17% median lifespan in males and +4–5% in females in the cited ITP report,,PMID:24245565;PMID:30688027,mammalian_lifespan,source_reviewed_with_claim_limits,Acarbose,single_compound,
Acarbose,CEMXHAPUFJOOSV-XGWNLRGSSA-N,CHEMBL1613,MGAM,dysbiosis,modulates,E3,E3,Gut microbiome in aged mice,PMID:31195972;PMID:30728281,Acarbose-associated microbiome and fecal short-chain-fatty-acid changes were reported under specific mouse diet and study conditions; these observations do not establish a general mechanism or human effect.,pubchem:9811704,https://pubmed.ncbi.nlm.nih.gov/31195972/;https://pubmed.ncbi.nlm.nih.gov/30728281/,Changes in gut microbiome and fermentation products concurrent with enhanced longevity in acarbose-treated mice,Mus musculus,study-specific,mouse intervention with microbiome and metabolite measurements,fecal microbiome composition and short-chain fatty acids,study-specific control diet,,,PMID:31195972;PMID:30728281,mouse_microbiome_endpoint,source_reviewed_with_claim_limits,Acarbose,single_compound,
Urolithin A,RIUPLDUFZCXCHM-UHFFFAOYSA-N,CHEMBL4126937,PINK1,mitochondrial_dysfunction,activates,E0,E3,Mitophagy & muscle endurance,PMID:27400265,Induces mitophagy and prolongs normal muscle function and lifespan in C. elegans and rodents,pubchem:5488186,https://pubmed.ncbi.nlm.nih.gov/27400265/,,,,,,,,,PMID:27400265,unclassified_claim,claim_support_unreviewed,Urolithin A,single_compound,
Urolithin A,RIUPLDUFZCXCHM-UHFFFAOYSA-N,CHEMBL4126937,PINK1,autophagy,induces,E0,E3,Mitophagic flux in vivo,PMID:27400265,Stimulates mitochondrial clearance in skeletal muscle of aged mice,pubchem:5488186,https://pubmed.ncbi.nlm.nih.gov/27400265/,,,,,,,,,PMID:27400265,unclassified_claim,claim_support_unreviewed,Urolithin A,single_compound,
Urolithin A,RIUPLDUFZCXCHM-UHFFFAOYSA-N,CHEMBL4126937,PINK1,mitochondrial_dysfunction,modulates,E0,E2,Human biomarker pilot trial,PMID:31190014,Demonstrates safety and transcriptional upregulation of mitochondrial genes in human muscle biopsies,pubchem:5488186,https://pubmed.ncbi.nlm.nih.gov/31190014/,,,,,,,,,PMID:31190014,unclassified_claim,claim_support_unreviewed,Urolithin A,single_compound,
Berberine,YBHILYKTIRIUTE-UHFFFAOYSA-N,CHEMBL376,PRKAA1,nutrient_sensing,activates,E0,E3,Metabolic parameters in mice,PMID:15545992,Improves insulin sensitivity and reduces weight gain in db/db diabetic mice,pubchem:2353,https://pubmed.ncbi.nlm.nih.gov/15545992/,,,,,,,,,PMID:15545992,unclassified_claim,claim_support_unreviewed,Berberine,single_compound,
Berberine,YBHILYKTIRIUTE-UHFFFAOYSA-N,CHEMBL376,PRKAA1,mitochondrial_dysfunction,mitigates,E0,E2,In vitro cell model,PMID:22086884,Increases AMP/ATP ratio and activates AMPK in cultured muscle cells,pubchem:2353,https://pubmed.ncbi.nlm.nih.gov/22086884/,,,,,,,,,PMID:22086884,unclassified_claim,claim_support_unreviewed,Berberine,single_compound,
Berberine,YBHILYKTIRIUTE-UHFFFAOYSA-N,CHEMBL376,PRKAA1,autophagy,induces,E0,E2,In vitro hepatic cells,PMID:25732152,Promotes SIRT1-mediated autophagy in palmitate-induced steatotic hepatocytes,pubchem:2353,https://pubmed.ncbi.nlm.nih.gov/25732152/,,,,,,,,,PMID:25732152,unclassified_claim,claim_support_unreviewed,Berberine,single_compound,
Curcumin,VFLDPWHFBUODDF-FCXRPNKRSA-N,,,chronic_inflammation,inhibits,E0,E2,In vitro SASP & NF-kB,PMID:19149749,Inhibits IkB kinase (IKK) and downstream NF-kB p65 nuclear translocation in vitro,pubchem:969516,https://pubmed.ncbi.nlm.nih.gov/19149749/,,,,,,,,,PMID:19149749,unclassified_claim,claim_support_unreviewed,Curcumin,single_compound,
Curcumin,VFLDPWHFBUODDF-FCXRPNKRSA-N,,,cellular_senescence,inhibits,E0,E2,In vitro senescent cells,PMID:28599427,Reduces SASP secretion in irradiated fibroblasts; modest selectivity over normal cells,pubchem:969516,https://pubmed.ncbi.nlm.nih.gov/28599427/,,,,,,,,,PMID:28599427,unclassified_claim,claim_support_unreviewed,Curcumin,single_compound,
Curcumin,VFLDPWHFBUODDF-FCXRPNKRSA-N,,,ecm_fibrosis,inhibits,E0,E2,Hepatic stellate cells,PMID:16551579,Suppresses alpha-SMA and collagen gene expression in cultured fibrotic hepatic stellate cells,pubchem:969516,https://pubmed.ncbi.nlm.nih.gov/16551579/,,,,,,,,,PMID:16551579,unclassified_claim,claim_support_unreviewed,Curcumin,single_compound,
Trametinib,LIRYPHYGHXZJBZ-UHFFFAOYSA-N,CHEMBL2103833,MAP2K1,nutrient_sensing,inhibits,E0,E3,Drosophila & mouse longevity,PMID:26113653,Low-dose MEK inhibition extends lifespan in female Drosophila and improves metabolic health in mice,pubchem:11707110,https://pubmed.ncbi.nlm.nih.gov/26113653/,,,,,,,,,PMID:26113653,unclassified_claim,claim_support_unreviewed,Trametinib,single_compound,
Trametinib,LIRYPHYGHXZJBZ-UHFFFAOYSA-N,CHEMBL2103833,MAP2K1,cellular_senescence,inhibits,E0,E2,In vitro RAS senescence bypass,PMID:29352236,Blocks oncogene-induced senescence SASP secretion downstream of hyperactive MAPK signaling,pubchem:11707110,https://pubmed.ncbi.nlm.nih.gov/29352236/,,,,,,,,,PMID:29352236,unclassified_claim,claim_support_unreviewed,Trametinib,single_compound,
Canagliflozin,XTNGUQKDFGDXSJ-ZXGKGEBGSA-N,CHEMBL2029969,SLC5A2,nutrient_sensing,inhibits,E4,E4,ITP male lifespan,PMID:32990681,"Male mice showed increased median survival and 90th-percentile age in the ITP report; female lifespan was not extended. This is an animal result, not evidence of human longevity.",pubchem:24812758,https://pubmed.ncbi.nlm.nih.gov/32990681/,Canagliflozin extends life span in genetically heterogeneous male but not female mice,Mus musculus,male benefit; no female lifespan benefit,multi-site ITP mouse lifespan study,median survival and 90th-percentile age,control-fed mice,Males: +14% median survival and +9% 90th-percentile age; no female lifespan benefit reported,,PMID:32990681,mammalian_lifespan,source_reviewed_with_claim_limits,Canagliflozin,single_compound,
BPC-157,HEEWEZGQMLZMFE-RKGINYAYSA-N,,VEGFA,ecm_fibrosis,modulates,E0,E1,Single rodent tendon assay,PMID:21030672,Accelerates healing in transected rat Achilles tendon; no verified longevity or mammalian lifespan data,pubchem:9941957,https://pubmed.ncbi.nlm.nih.gov/21030672/,,,,,,,,,PMID:21030672,unclassified_claim,claim_support_unreviewed,BPC-157,single_compound,
BPC-157,HEEWEZGQMLZMFE-RKGINYAYSA-N,,VEGFA,intercellular_communication,claimed_for_hallmark,E0,E0,Gray-market anti-aging copy,,Promoted as universal tissue regenerator in non-peer-reviewed gray-market wellness communities,pubchem:9941957,,,,,,,,,,,unverified_vendor_claim,unverified_vendor_or_gray_market_claim,BPC-157,single_compound,
Epitalon,HGHOBRRUMWJWCU-FXQIFTODSA-N,,TERT,telomere_attrition,claimed_for_hallmark,E0,E1,Single rodent/ex-vivo paper,PMID:14501183,Claimed telomerase elongation in cultured human fibroblast line; lacks reproducible ITP verification,pubchem:219042,https://pubmed.ncbi.nlm.nih.gov/14501183/,,,,,,,,,PMID:14501183,unclassified_claim,claim_support_unreviewed,Epitalon,single_compound,
Epitalon,HGHOBRRUMWJWCU-FXQIFTODSA-N,,TERT,telomere_attrition,claimed_for_hallmark,E0,E0,Vendor anti-aging copy,,Widely sold on gray-market peptide sites as biological age reverser without peer-reviewed human trial proof,pubchem:219042,,,,,,,,,,,unverified_vendor_claim,unverified_vendor_or_gray_market_claim,Epitalon,single_compound,
