id,archive_id,dataset_id,graph_role,neutral_average_mass_Da,isomeric_smiles,neutral_formula,standard_inchi_key,archive_evidence_status,archive_qualification,qualification_field,source_path,source_sha256,review_path
ss31:SS31,SS31,ss31,published_biological_reference,639.802,Cc1cc(O)cc(C)c1C[C@H](NC(=O)[C@H](N)CCCNC(=N)N)C(=O)N[C@@H](CCCCN)C(=O)N[C@@H](Cc1ccccc1)C(N)=O,C32H49N9O5,SFVLTCAESLKEHH-WKAQUBQDSA-N,published_reference,not_established_in_this_review,human_oral_bioavailability,studies/ss31-analog-audit-2026-10-09/structural_comparators.json,1993452252bf58de3c2962756735d9adb4dfd2994c62f83b71026b7886a1701f,studies/ss31-analog-audit-2026-10-09/README.md
ss31:SPN4,SPN4,ss31,published_biological_reference,611.748,N=C(N)NCCC[C@@H](N)C(=O)N[C@@H](Cc1ccc(O)cc1)C(=O)N[C@@H](CCCCN)C(=O)N[C@@H](Cc1ccccc1)C(N)=O,C30H45N9O5,DRTZGQCOQKCMHI-ROHNOIKCSA-N,published_cell_and_membrane_comparator,not_established_in_this_review,human_oral_bioavailability,studies/ss31-analog-audit-2026-10-09/structural_comparators.json,1993452252bf58de3c2962756735d9adb4dfd2994c62f83b71026b7886a1701f,studies/ss31-analog-audit-2026-10-09/README.md
ss31:SS20,SS20,ss31,published_biological_reference,595.749,N=C(N)NCCC[C@@H](NC(=O)[C@@H](N)Cc1ccccc1)C(=O)N[C@@H](Cc1ccccc1)C(=O)N[C@@H](CCCCN)C(N)=O,C30H45N9O4,UEADSLOWOVCODN-JBXUNAHCSA-N,published_cell_and_membrane_comparator,not_established_in_this_review,human_oral_bioavailability,studies/ss31-analog-audit-2026-10-09/structural_comparators.json,1993452252bf58de3c2962756735d9adb4dfd2994c62f83b71026b7886a1701f,studies/ss31-analog-audit-2026-10-09/README.md
ss31:SPN10,SPN10,ss31,published_biological_reference,673.823,N=C(N)NCCC[C@H](NC(=O)[C@@H](N)Cc1c[nH]c2ccccc12)C(=O)N[C@@H](Cc1c[nH]c2ccccc12)C(=O)N[C@@H](CCCCN)C(N)=O,C34H47N11O4,YUOWFEWUBKFWPD-JSRHHAARSA-N,published_cell_and_membrane_comparator,not_established_in_this_review,human_oral_bioavailability,studies/ss31-analog-audit-2026-10-09/structural_comparators.json,1993452252bf58de3c2962756735d9adb4dfd2994c62f83b71026b7886a1701f,studies/ss31-analog-audit-2026-10-09/README.md
ss31:SS31_terminal_D_Phe,SS31_terminal_D_Phe,ss31,unvalidated_comparison,639.802,Cc1cc(O)cc(C)c1C[C@H](NC(=O)[C@H](N)CCCNC(=N)N)C(=O)N[C@@H](CCCCN)C(=O)N[C@H](Cc1ccccc1)C(N)=O,C32H49N9O5,SFVLTCAESLKEHH-RAVGUYNFSA-N,research_hypothesis_unvalidated_here,not_established_in_this_review,human_oral_bioavailability,studies/ss31-analog-audit-2026-10-09/structural_comparators.json,1993452252bf58de3c2962756735d9adb4dfd2994c62f83b71026b7886a1701f,studies/ss31-analog-audit-2026-10-09/README.md
ss31:SS31_N_acetyl,SS31_N_acetyl,ss31,unvalidated_comparison,681.839,CC(=O)N[C@H](CCCNC(=N)N)C(=O)N[C@@H](Cc1c(C)cc(O)cc1C)C(=O)N[C@@H](CCCCN)C(=O)N[C@@H](Cc1ccccc1)C(N)=O,C34H51N9O6,HIAWBYHLCJOMMP-VVZGZWEYSA-N,research_hypothesis_unvalidated_here,not_established_in_this_review,human_oral_bioavailability,studies/ss31-analog-audit-2026-10-09/structural_comparators.json,1993452252bf58de3c2962756735d9adb4dfd2994c62f83b71026b7886a1701f,studies/ss31-analog-audit-2026-10-09/README.md
ss31:SPN10_D_Arg,SPN10_D_Arg,ss31,unvalidated_comparison,673.823,N=C(N)NCCC[C@@H](NC(=O)[C@@H](N)Cc1c[nH]c2ccccc12)C(=O)N[C@@H](Cc1c[nH]c2ccccc12)C(=O)N[C@@H](CCCCN)C(N)=O,C34H47N11O4,YUOWFEWUBKFWPD-IMYHUDGHSA-N,research_hypothesis_unvalidated_here,not_established_in_this_review,human_oral_bioavailability,studies/ss31-analog-audit-2026-10-09/structural_comparators.json,1993452252bf58de3c2962756735d9adb4dfd2994c62f83b71026b7886a1701f,studies/ss31-analog-audit-2026-10-09/README.md
ss31:SPN10_terminal_D_Lys,SPN10_terminal_D_Lys,ss31,unvalidated_comparison,673.823,N=C(N)NCCC[C@H](NC(=O)[C@@H](N)Cc1c[nH]c2ccccc12)C(=O)N[C@@H](Cc1c[nH]c2ccccc12)C(=O)N[C@H](CCCCN)C(N)=O,C34H47N11O4,YUOWFEWUBKFWPD-LQBCTSRJSA-N,research_hypothesis_unvalidated_here,not_established_in_this_review,human_oral_bioavailability,studies/ss31-analog-audit-2026-10-09/structural_comparators.json,1993452252bf58de3c2962756735d9adb4dfd2994c62f83b71026b7886a1701f,studies/ss31-analog-audit-2026-10-09/README.md
ss31:SS31_Phe_backbone_N_methyl,SS31_Phe_backbone_N_methyl,ss31,unvalidated_comparison,653.829,Cc1cc(O)cc(C)c1C[C@H](NC(=O)[C@H](N)CCCNC(=N)N)C(=O)N[C@@H](CCCCN)C(=O)N(C)[C@@H](Cc1ccccc1)C(N)=O,C33H51N9O5,FLRASSIYTVXXGZ-UNFRKHOWSA-N,patent_described_hypothesis_unvalidated_here,not_established_in_this_review,human_oral_bioavailability,studies/ss31-analog-audit-2026-10-09/structural_comparators.json,1993452252bf58de3c2962756735d9adb4dfd2994c62f83b71026b7886a1701f,studies/ss31-analog-audit-2026-10-09/README.md
slu915:SLU_PP_915,SLU_PP_915,slu915,published_biological_reference,341.172,O=C(Nc1ccccc1F)c1ccc(-c2cccc(B(O)O)c2)s1,C17H13BFNO3S,CKROIKQTGRZRKF-UHFFFAOYSA-N,published_parent_10s,not_established,better_oral_exposure,studies/slu915-oral-comparators-2026-10-09/structural_comparators.json,90bb7fea5faed11460077d639ea3c1d6d1a855e8eb6fce57ac2a9abdce4af0b4,studies/slu915-oral-comparators-2026-10-09/README.md
slu915:published_10q,published_10q,slu915,published_biological_reference,341.172,O=C(Nc1cccc(F)c1)c1ccc(-c2cccc(B(O)O)c2)s1,C17H13BFNO3S,KBBJBISWYZLGML-UHFFFAOYSA-N,published_ERR_comparator,not_established,better_oral_exposure,studies/slu915-oral-comparators-2026-10-09/structural_comparators.json,90bb7fea5faed11460077d639ea3c1d6d1a855e8eb6fce57ac2a9abdce4af0b4,studies/slu915-oral-comparators-2026-10-09/README.md
slu915:published_10r,published_10r,slu915,published_biological_reference,341.172,O=C(Nc1cccc(F)c1)c1ccc(-c2ccc(B(O)O)cc2)s1,C17H13BFNO3S,MKYDHIYMDPCSQA-UHFFFAOYSA-N,published_ERR_comparator,not_established,better_oral_exposure,studies/slu915-oral-comparators-2026-10-09/structural_comparators.json,90bb7fea5faed11460077d639ea3c1d6d1a855e8eb6fce57ac2a9abdce4af0b4,studies/slu915-oral-comparators-2026-10-09/README.md
slu915:product_M1,product_M1,slu915,confirmed_transformation_product,220.249,O=C(O)c1ccc(-c2cccc(O)c2)s1,C11H8O3S,PUJDOEBKPDWPKJ-UHFFFAOYSA-N,published_reference_confirmed_transformation_product,not_established,better_oral_exposure,studies/slu915-oral-comparators-2026-10-09/structural_comparators.json,90bb7fea5faed11460077d639ea3c1d6d1a855e8eb6fce57ac2a9abdce4af0b4,studies/slu915-oral-comparators-2026-10-09/README.md
slu915:product_M3,product_M3,slu915,confirmed_transformation_product,248.068,O=C(O)c1ccc(-c2cccc(B(O)O)c2)s1,C11H9BO4S,QLOCJQHIRANVNA-UHFFFAOYSA-N,published_reference_confirmed_transformation_product,not_established,better_oral_exposure,studies/slu915-oral-comparators-2026-10-09/structural_comparators.json,90bb7fea5faed11460077d639ea3c1d6d1a855e8eb6fce57ac2a9abdce4af0b4,studies/slu915-oral-comparators-2026-10-09/README.md
slu915:product_M4,product_M4,slu915,confirmed_transformation_product,313.353,O=C(Nc1ccccc1F)c1ccc(-c2cccc(O)c2)s1,C17H12FNO2S,DQSAHYFFCGCHOR-UHFFFAOYSA-N,published_reference_confirmed_transformation_product,not_established,better_oral_exposure,studies/slu915-oral-comparators-2026-10-09/structural_comparators.json,90bb7fea5faed11460077d639ea3c1d6d1a855e8eb6fce57ac2a9abdce4af0b4,studies/slu915-oral-comparators-2026-10-09/README.md
slu915:hypothesis_aniline_2_4_difluoro,hypothesis_aniline_2_4_difluoro,slu915,unvalidated_comparison,359.162,O=C(Nc1ccc(F)cc1F)c1ccc(-c2cccc(B(O)O)c2)s1,C17H12BF2NO3S,HHJQMXHKOXLGPU-UHFFFAOYSA-N,defined_hypothesis_unvalidated_for_oral_improvement,not_established,better_oral_exposure,studies/slu915-oral-comparators-2026-10-09/structural_comparators.json,90bb7fea5faed11460077d639ea3c1d6d1a855e8eb6fce57ac2a9abdce4af0b4,studies/slu915-oral-comparators-2026-10-09/README.md
slu915:hypothesis_aniline_2_5_difluoro,hypothesis_aniline_2_5_difluoro,slu915,unvalidated_comparison,359.162,O=C(Nc1cc(F)ccc1F)c1ccc(-c2cccc(B(O)O)c2)s1,C17H12BF2NO3S,QZOUVETUOSNMTE-UHFFFAOYSA-N,defined_hypothesis_unvalidated_for_oral_improvement,not_established,better_oral_exposure,studies/slu915-oral-comparators-2026-10-09/structural_comparators.json,90bb7fea5faed11460077d639ea3c1d6d1a855e8eb6fce57ac2a9abdce4af0b4,studies/slu915-oral-comparators-2026-10-09/README.md
slu915:hypothesis_amide_N_methyl,hypothesis_amide_N_methyl,slu915,unvalidated_comparison,355.199,CN(C(=O)c1ccc(-c2cccc(B(O)O)c2)s1)c1ccccc1F,C18H15BFNO3S,AOUSLXNOWYNRBI-UHFFFAOYSA-N,defined_hypothesis_unvalidated_for_oral_improvement,not_established,better_oral_exposure,studies/slu915-oral-comparators-2026-10-09/structural_comparators.json,90bb7fea5faed11460077d639ea3c1d6d1a855e8eb6fce57ac2a9abdce4af0b4,studies/slu915-oral-comparators-2026-10-09/README.md
slu915:hypothesis_boronic_pinacol_ester,hypothesis_boronic_pinacol_ester,slu915,unvalidated_comparison,423.318,CC1(C)OB(c2cccc(-c3ccc(C(=O)Nc4ccccc4F)s3)c2)OC1(C)C,C23H23BFNO3S,UWMSMNLLFBWSRN-UHFFFAOYSA-N,defined_precursor_hypothesis_unvalidated_for_oral_improvement,not_established,better_oral_exposure,studies/slu915-oral-comparators-2026-10-09/structural_comparators.json,90bb7fea5faed11460077d639ea3c1d6d1a855e8eb6fce57ac2a9abdce4af0b4,studies/slu915-oral-comparators-2026-10-09/README.md
peptides:MOTS_c,MOTS_c,peptides,published_biological_reference,2174.635,CC[C@H](C)[C@H](NC(=O)[C@H](Cc1ccc(O)cc1)NC(=O)CNC(=O)[C@H](CCSC)NC(=O)[C@H](CCC(=O)O)NC(=O)[C@H](CCC(N)=O)NC(=O)[C@H](Cc1c[nH]c2ccccc12)NC(=O)[C@H](CCCNC(=N)N)NC(=O)[C@@H](N)CCSC)C(=O)N[C@@H](Cc1ccccc1)C(=O)N[C@@H](Cc1ccc(O)cc1)C(=O)N1CCC[C@H]1C(=O)N[C@@H](CCCNC(=N)N)C(=O)N[C@@H](CCCCN)C(=O)N[C@@H](CC(C)C)C(=O)N[C@@H](CCCNC(=N)N)C(=O)O,C101H152N28O22S2,WYTHCOXVWRKRAH-LOKRTKBUSA-N,published_parent_identity_reference,not_established,improved_human_oral_exposure,studies/peptide-delivery-transfer-2026-10-09/structural_comparators.json,a7a467d9181fea6d2020060e2dd6daeb5f13cc8a9c3f218ddb2257028b744c1a,studies/peptide-delivery-transfer-2026-10-09/README.md
peptides:MOTS_c_N_acetyl,MOTS_c_N_acetyl,peptides,unvalidated_comparison,2216.672,CC[C@H](C)[C@H](NC(=O)[C@H](Cc1ccc(O)cc1)NC(=O)CNC(=O)[C@H](CCSC)NC(=O)[C@H](CCC(=O)O)NC(=O)[C@H](CCC(N)=O)NC(=O)[C@H](Cc1c[nH]c2ccccc12)NC(=O)[C@H](CCCNC(=N)N)NC(=O)[C@H](CCSC)NC(C)=O)C(=O)N[C@@H](Cc1ccccc1)C(=O)N[C@@H](Cc1ccc(O)cc1)C(=O)N1CCC[C@H]1C(=O)N[C@@H](CCCNC(=N)N)C(=O)N[C@@H](CCCCN)C(=O)N[C@@H](CC(C)C)C(=O)N[C@@H](CCCNC(=N)N)C(=O)O,C103H154N28O23S2,LKYWBWUGPPYYRD-PUQOYJDVSA-N,defined_terminal_comparison_unvalidated,not_established,improved_human_oral_exposure,studies/peptide-delivery-transfer-2026-10-09/structural_comparators.json,a7a467d9181fea6d2020060e2dd6daeb5f13cc8a9c3f218ddb2257028b744c1a,studies/peptide-delivery-transfer-2026-10-09/README.md
peptides:MOTS_c_C_amide,MOTS_c_C_amide,peptides,unvalidated_comparison,2173.651,CC[C@H](C)[C@H](NC(=O)[C@H](Cc1ccc(O)cc1)NC(=O)CNC(=O)[C@H](CCSC)NC(=O)[C@H](CCC(=O)O)NC(=O)[C@H](CCC(N)=O)NC(=O)[C@H](Cc1c[nH]c2ccccc12)NC(=O)[C@H](CCCNC(=N)N)NC(=O)[C@@H](N)CCSC)C(=O)N[C@@H](Cc1ccccc1)C(=O)N[C@@H](Cc1ccc(O)cc1)C(=O)N1CCC[C@H]1C(=O)N[C@@H](CCCNC(=N)N)C(=O)N[C@@H](CCCCN)C(=O)N[C@@H](CC(C)C)C(=O)N[C@@H](CCCNC(=N)N)C(N)=O,C101H153N29O21S2,MTBHTUMSJYLHGR-LOKRTKBUSA-N,defined_terminal_comparison_unvalidated,not_established,improved_human_oral_exposure,studies/peptide-delivery-transfer-2026-10-09/structural_comparators.json,a7a467d9181fea6d2020060e2dd6daeb5f13cc8a9c3f218ddb2257028b744c1a,studies/peptide-delivery-transfer-2026-10-09/README.md
peptides:MOTS_c_both_caps,MOTS_c_both_caps,peptides,unvalidated_comparison,2215.688,CC[C@H](C)[C@H](NC(=O)[C@H](Cc1ccc(O)cc1)NC(=O)CNC(=O)[C@H](CCSC)NC(=O)[C@H](CCC(=O)O)NC(=O)[C@H](CCC(N)=O)NC(=O)[C@H](Cc1c[nH]c2ccccc12)NC(=O)[C@H](CCCNC(=N)N)NC(=O)[C@H](CCSC)NC(C)=O)C(=O)N[C@@H](Cc1ccccc1)C(=O)N[C@@H](Cc1ccc(O)cc1)C(=O)N1CCC[C@H]1C(=O)N[C@@H](CCCNC(=N)N)C(=O)N[C@@H](CCCCN)C(=O)N[C@@H](CC(C)C)C(=O)N[C@@H](CCCNC(=N)N)C(N)=O,C103H155N29O22S2,UQHIUIPXSPOSNO-PUQOYJDVSA-N,defined_terminal_comparison_unvalidated,not_established,improved_human_oral_exposure,studies/peptide-delivery-transfer-2026-10-09/structural_comparators.json,a7a467d9181fea6d2020060e2dd6daeb5f13cc8a9c3f218ddb2257028b744c1a,studies/peptide-delivery-transfer-2026-10-09/README.md
peptides:MOTS_c_K14Q,MOTS_c_K14Q,peptides,published_biological_reference,2174.591,CC[C@H](C)[C@H](NC(=O)[C@H](Cc1ccc(O)cc1)NC(=O)CNC(=O)[C@H](CCSC)NC(=O)[C@H](CCC(=O)O)NC(=O)[C@H](CCC(N)=O)NC(=O)[C@H](Cc1c[nH]c2ccccc12)NC(=O)[C@H](CCCNC(=N)N)NC(=O)[C@@H](N)CCSC)C(=O)N[C@@H](Cc1ccccc1)C(=O)N[C@@H](Cc1ccc(O)cc1)C(=O)N1CCC[C@H]1C(=O)N[C@@H](CCCNC(=N)N)C(=O)N[C@@H](CCC(N)=O)C(=O)N[C@@H](CC(C)C)C(=O)N[C@@H](CCCNC(=N)N)C(=O)O,C100H148N28O23S2,CKLHPYLEHKNRGW-KNYORAAISA-N,published_sequence_variant_defined_free_acid_graph,not_established,improved_human_oral_exposure,studies/peptide-delivery-transfer-2026-10-09/structural_comparators.json,a7a467d9181fea6d2020060e2dd6daeb5f13cc8a9c3f218ddb2257028b744c1a,studies/peptide-delivery-transfer-2026-10-09/README.md
peptides:Epitalon,Epitalon,peptides,published_biological_reference,390.349,C[C@H](N)C(=O)N[C@@H](CCC(=O)O)C(=O)N[C@@H](CC(=O)O)C(=O)NCC(=O)O,C14H22N4O9,HGHOBRRUMWJWCU-FXQIFTODSA-N,published_parent_identity_reference,not_established,improved_human_oral_exposure,studies/peptide-delivery-transfer-2026-10-09/structural_comparators.json,a7a467d9181fea6d2020060e2dd6daeb5f13cc8a9c3f218ddb2257028b744c1a,studies/peptide-delivery-transfer-2026-10-09/README.md
peptides:N_acetyl_Epitalon,N_acetyl_Epitalon,peptides,identity_reference_only,432.386,CC(=O)N[C@@H](C)C(=O)N[C@@H](CCC(=O)O)C(=O)N[C@@H](CC(=O)O)C(=O)NCC(=O)O,C16H24N4O10,QXYAPAXZRKPASL-HGNGGELXSA-N,public_identity_reference_biological_improvement_unvalidated,not_established,improved_human_oral_exposure,studies/peptide-delivery-transfer-2026-10-09/structural_comparators.json,a7a467d9181fea6d2020060e2dd6daeb5f13cc8a9c3f218ddb2257028b744c1a,studies/peptide-delivery-transfer-2026-10-09/README.md
peptides:Epitalon_C_amide,Epitalon_C_amide,peptides,unvalidated_comparison,389.365,C[C@H](N)C(=O)N[C@@H](CCC(=O)O)C(=O)N[C@@H](CC(=O)O)C(=O)NCC(N)=O,C14H23N5O8,XRMNZZDHCPGWAO-FXQIFTODSA-N,defined_terminal_comparison_unvalidated,not_established,improved_human_oral_exposure,studies/peptide-delivery-transfer-2026-10-09/structural_comparators.json,a7a467d9181fea6d2020060e2dd6daeb5f13cc8a9c3f218ddb2257028b744c1a,studies/peptide-delivery-transfer-2026-10-09/README.md
peptides:Epitalon_both_caps,Epitalon_both_caps,peptides,unvalidated_comparison,431.402,CC(=O)N[C@@H](C)C(=O)N[C@@H](CCC(=O)O)C(=O)N[C@@H](CC(=O)O)C(=O)NCC(N)=O,C16H25N5O9,RJZLNKXYDBCQEE-HGNGGELXSA-N,defined_terminal_comparison_unvalidated,not_established,improved_human_oral_exposure,studies/peptide-delivery-transfer-2026-10-09/structural_comparators.json,a7a467d9181fea6d2020060e2dd6daeb5f13cc8a9c3f218ddb2257028b744c1a,studies/peptide-delivery-transfer-2026-10-09/README.md
