card_id,smiles,inchikey,generation,mtor_prob,qed,has_pains,nearest_tanimoto,reward,accepted,reject_reasons
HYP-001,CCn1ncc2c1N=S(c1ccc(NC(N)=O)cc1)N=C2N1CC2CCC(O2)O1,NUNHYAVWHHGATI-UHFFFAOYSA-N,14,0.9863949636122332,0.7972051185362454,False,0.34831460674157305,1.1856962432462945,True,
HYP-002,CC(C)n1ncc2c1N=S(c1ccc(NC(N)=O)cn1)N=C2N1CC2CCC(C1)O2,UCMDFZGECLLFCW-UHFFFAOYSA-N,11,0.9904967943906605,0.7769089212124788,False,0.38823529411764707,1.1847240246937802,True,
HYP-003,CC1C2CCC(CN1C1=NS(c3ccc(NC(N)=O)cc3)=Nc3c1cnn3C(C)C)O2,RGAXEMDXIAYRHQ-UHFFFAOYSA-N,15,0.9925457714869674,0.7606749715264732,False,0.34444444444444444,1.1827145143685858,True,
HYP-004,C=C(C)n1ncc2c1N=S(c1ccc(NC(N)=O)cc1)N=C2N1CC2CCC(C1)O2,FDGRURPJCKOYFJ-UHFFFAOYSA-N,13,0.9789732121351596,0.7876695271926886,False,0.32941176470588235,1.1758905939333317,True,
HYP-005,CC(C)n1ncc2c1N=S(c1ccc(NC(N)=O)cc1Cl)N=C2N1CC2CCC(C1)O2,QLXHTVBJMDOVPK-UHFFFAOYSA-N,17,0.9929077439563154,0.7263876726886636,False,0.375,1.1745046621284814,True,
HYP-006,Cn1ncc2c(N3CC4CCC(O4)C3N3CCOCC3)nc(NC(N)=O)nc21,ZBIBQXLXDBMIKY-UHFFFAOYSA-N,12,0.9846516843330129,0.7458697671185142,False,0.3950617283950617,1.1711191261126415,True,
HYP-007,CC1COCCN1C1C2CCC(CN1c1nc(NC(N)=O)nc3c1cnn3C)O2,RLUHXRYITVLZAR-UHFFFAOYSA-N,13,0.9826913179285383,0.7497509666146125,False,0.37209302325581395,1.1701290595821914,True,
HYP-008,Cn1ccc2c(N3CC4CCC(C3)O4)nc(N)nc21,CILRGCOTSIIACV-UHFFFAOYSA-N,16,0.9611615152507378,0.8243403766677302,False,0.38333333333333336,1.1672466094176703,True,
HYP-009,CC(C)n1ncc2c1N=S(c1ccc(N(F)C(N)=O)cc1)N=C2N1CC2CCC(C1)O2,YFLSWIFDAZUXDX-UHFFFAOYSA-N,14,0.9797689323656504,0.7328593349402835,False,0.32954545454545453,1.1629837661007214,True,
HYP-010,CNc1ccc(S2=Nc3c(cnn3C(C)C)C(N3CC4CCC(C3)O4)=N2)cc1,YPFWDOLDEJJQDN-UHFFFAOYSA-N,15,0.944818959109521,0.8588018368245528,False,0.379746835443038,1.1595194183156592,True,
HYP-011,CNC(C)n1ncc2c1N=S(c1ccc(NC(N)=O)cc1)N=C2N1CC2CCC(C1)O2,LESCNLJRLKHMAF-UHFFFAOYSA-N,18,0.9921067673984508,0.6696345120392904,False,0.38823529411764707,1.1595153954082735,True,
HYP-012,CCn1ncc2c1N=S(c1ccc(NC(N)=O)cn1)N=C2N1CC2CCC(C1)O2,ZMNUPEGJPGONSE-UHFFFAOYSA-N,12,0.9776208028286679,0.7929681264075835,False,0.4090909090909091,1.1569234404911697,True,
HYP-013,CC(C)n1ncc2c1N=S(c1ccc(N(Cl)C(N)=O)cc1)N=C2N1CC2CCC(C1)O2,KKQNVCXJQQQTKM-UHFFFAOYSA-N,13,0.979903437757397,0.7060460996654535,False,0.32954545454545453,1.1564149626737603,True,
HYP-014,CNc1ccc(S2=Nc3c(cnn3C(C)F)C(N3CC4CCC(C3)O4)=N2)cc1,UJERMDGUHGAOPW-UHFFFAOYSA-N,16,0.9401173493555794,0.8540616872995789,False,0.3373493975903614,1.1536327711804741,True,
HYP-015,CC(C)n1ncc2c1N=S(c1ccc(NC(N)O)cc1)N=C2N1CC2CCC(C1)O2,LUNBEOLKPQKFBP-UHFFFAOYSA-N,14,0.9901026402022202,0.6420016946963759,False,0.35714285714285715,1.150603063876314,True,
HYP-016,CCn1ncc2c1N=S(c1ccc(NC(N)=O)cc1N)N=C2N1CC2CCC(C1)O2,LAZKIAGCHPVZHN-UHFFFAOYSA-N,13,0.9894854072707173,0.6425259845291084,False,0.3793103448275862,1.1501169034029943,True,
HYP-017,Cc1ccc(S2=Nc3c(cnn3CCO)C(N3CC4CCC(O4)O3)=N2)cc1,SWOVMDIXLVPMDP-UHFFFAOYSA-N,15,0.9315444906230622,0.8719370360792812,False,0.28888888888888886,1.1495287496428825,True,
HYP-018,CC(C)n1ncc2c1N=S(c1ccc(NC(N)=O)cc1)N=C2N1CC2CCC(C1)O2,XBAQTYAWGOVPPU-UHFFFAOYSA-N,7,0.9933375290770116,0.7844175224462167,False,0.41975308641975306,1.1482896463140804,True,
HYP-019,CC(C)n1ncc2c1N=S(c1ccc(NC(N)O)cn1)N=C2N1CC2CCC(C1)O2,VLDUUNOEPFCWME-UHFFFAOYSA-N,13,0.9905299004337634,0.6281130639063733,False,0.3448275862068966,1.1475581664103567,True,
HYP-020,CC(C)n1ncc2c1N=S(c1cc(F)c(NC(N)=O)cn1)N=C2N1CC2CCC(C1)O2,KFOKDPUHPYZSSY-UHFFFAOYSA-N,13,0.9599206858911171,0.74996540248232,False,0.32967032967032966,1.147412036511697,True,
HYP-021,CC(C)n1ncc2c1N=S(c1ccc(NC=O)cn1)N=C2N1CC2CCC(C1)O2,JTIFTTLTGRVCRX-UHFFFAOYSA-N,12,0.9520229555002498,0.7768599229392933,False,0.3488372093023256,1.1462379362350732,True,
HYP-022,CCn1ncc2c1N=S(c1ccc(NC(N)=O)c(C)c1)N=C2N1CC2CCC(C1)O2,CWADHWFRDKDIOX-UHFFFAOYSA-N,17,0.9485783001561707,0.7845766080338603,False,0.3595505617977528,1.1447224521646358,True,
HYP-023,CCn1ncc2c1N=S(c1ccc(NC(N)=O)cc1)N=C2N1CC2CCC(C1)O2,NVKDKNDDBHLALV-UHFFFAOYSA-N,11,0.9843822013198531,0.8050057619139198,False,0.41975308641975306,1.1444813784238477,True,
HYP-024,Cc1cc(NC(N)=O)ccc1-c1nc(N2CC3(F)CCC(O2)O3)c2cnn(C)c2n1,KEEHDSVHLSSANF-UHFFFAOYSA-N,10,0.9753581606834939,0.6762452385028791,False,0.375,1.1444194703092136,True,
HYP-025,CCn1ncc2c1N=S(c1ccc(NCN)cc1)N=C2N1CC2CCC(C1)O2,MQDLHKNKPNOXCX-UHFFFAOYSA-N,14,0.9516292158293843,0.7695384870795722,False,0.36470588235294116,1.1440138375992774,True,
